id;nodeA;nodeB;type;length;loadingMax;subnet;voltLvl
EHV Line 1;EHV Bus 1695;EHV Bus 1495;LineType_2;203.746;100;EHV1;1
EHV Line 2;EHV Bus 23;EHV Bus 25;LineType_4;200.169;100;EHV1;1
EHV Line 3;EHV Bus 53;EHV Bus 55;LineType_4;195.839;100;EHV1;1
EHV Line 4;EHV Bus 49;EHV Bus 59;LineType_1;194.581;100;EHV1;1
EHV Line 5;EHV Bus 1483;EHV Bus 1485;LineType_1;194.526;100;EHV1;1
EHV Line 6;EHV Bus 509;EHV Bus 101;LineType_4;179.417;100;EHV1;1
EHV Line 7;EHV Bus 509;EHV Bus 101;LineType_4;179.406;100;EHV1;1
EHV Line 8;EHV Bus 95;EHV Bus 101;LineType_4;169.061;100;EHV1;1
EHV Line 9;EHV Bus 83;EHV Bus 85;LineType_4;163.586;100;EHV1;1
EHV Line 10;EHV Bus 1759;EHV Bus 1817;LineType_1;158.679;100;EHV1;1
EHV Line 11;EHV Bus 49;EHV Bus 97;LineType_4;156.923;100;EHV1;1
EHV Line 12;EHV Bus 249;EHV Bus 71;LineType_1;152.17;100;EHV1;1
EHV Line 13;EHV Bus 1485;EHV Bus 1639;LineType_1;151.11;100;EHV1;1
EHV Line 14;EHV Bus 1455;EHV Bus 1485;LineType_4;148.947;100;EHV1;1
EHV Line 15;EHV Bus 1729;EHV Bus 1727;LineType_7;132.775;100;EHV1;1
EHV Line 16;EHV Bus 1815;EHV Bus 1817;LineType_2;131.763;100;EHV1;1
EHV Line 17;EHV Bus 1811;EHV Bus 1809;LineType_1;131.401;100;EHV1;1
EHV Line 18;EHV Bus 13;EHV Bus 101;LineType_4;130.6;100;EHV1;1
EHV Line 19;EHV Bus 41;EHV Bus 43;LineType_4;129.896;100;EHV1;1
EHV Line 20;EHV Bus 1541;EHV Bus 1517;LineType_2;125.479;100;EHV1;1
EHV Line 21;EHV Bus 49;EHV Bus 51;LineType_4;124.549;100;EHV1;1
EHV Line 22;EHV Bus 1517;EHV Bus 1961;LineType_2;123.793;100;EHV1;1
EHV Line 23;EHV Bus 1517;EHV Bus 1961;LineType_2;123.773;100;EHV1;1
EHV Line 24;EHV Bus 1729;EHV Bus 1705;LineType_1;123.691;100;EHV1;1
EHV Line 25;EHV Bus 1729;EHV Bus 1675;LineType_3;123.198;100;EHV1;1
EHV Line 26;EHV Bus 1563;EHV Bus 1599;LineType_7;121.52;100;EHV1;1
EHV Line 27;EHV Bus 115;EHV Bus 307;LineType_1;121.518;100;EHV1;1
EHV Line 28;EHV Bus 115;EHV Bus 307;LineType_2;121.488;100;EHV1;1
EHV Line 29;EHV Bus 1495;EHV Bus 1497;LineType_2;121.006;100;EHV1;1
EHV Line 30;EHV Bus 1495;EHV Bus 1497;LineType_2;120.921;100;EHV1;1
EHV Line 31;EHV Bus 1563;EHV Bus 1585;LineType_7;119.423;100;EHV1;1
EHV Line 32;EHV Bus 49;EHV Bus 103;LineType_4;118.963;100;EHV1;1
EHV Line 33;EHV Bus 281;EHV Bus 333;LineType_1;115.835;100;EHV1;1
EHV Line 34;EHV Bus 253;EHV Bus 263;LineType_2;114.977;100;EHV1;1
EHV Line 35;EHV Bus 1873;EHV Bus 1883;LineType_1;114.952;100;EHV1;1
EHV Line 36;EHV Bus 1873;EHV Bus 1883;LineType_1;114.952;100;EHV1;1
EHV Line 37;EHV Bus 159;EHV Bus 161;LineType_2;114.532;100;EHV1;1
EHV Line 38;EHV Bus 1729;EHV Bus 1897;LineType_2;113.579;100;EHV1;1
EHV Line 39;EHV Bus 1807;EHV Bus 1811;LineType_3;112.852;100;EHV1;1
EHV Line 40;EHV Bus 1807;EHV Bus 1811;LineType_1;112.689;100;EHV1;1
EHV Line 41;EHV Bus 1729;EHV Bus 1897;LineType_2;112.504;100;EHV1;1
EHV Line 42;EHV Bus 1675;EHV Bus 1517;LineType_2;111.279;100;EHV1;1
EHV Line 43;EHV Bus 1675;EHV Bus 1517;LineType_2;111.271;100;EHV1;1
EHV Line 44;EHV Bus 9;EHV Bus 141;LineType_2;111.193;100;EHV1;1
EHV Line 45;EHV Bus 1527;EHV Bus 1525;LineType_2;110.063;100;EHV1;1
EHV Line 46;EHV Bus 133;EHV Bus 85;LineType_2;110.063;100;EHV1;1
EHV Line 47;EHV Bus 99;EHV Bus 97;LineType_4;110.042;100;EHV1;1
EHV Line 48;EHV Bus 1631;EHV Bus 1485;LineType_1;106.68;100;EHV1;1
EHV Line 49;EHV Bus 1785;EHV Bus 1787;LineType_1;104.727;100;EHV1;1
EHV Line 50;EHV Bus 477;EHV Bus 43;LineType_4;104.472;100;EHV1;1
EHV Line 51;EHV Bus 477;EHV Bus 43;LineType_4;104.451;100;EHV1;1
EHV Line 52;EHV Bus 1483;EHV Bus 1443;LineType_4;104.147;100;EHV1;1
EHV Line 53;EHV Bus 1755;EHV Bus 1519;LineType_2;103.534;100;EHV1;1
EHV Line 54;EHV Bus 333;EHV Bus 337;LineType_1;101.452;100;EHV1;1
EHV Line 55;EHV Bus 1637;EHV Bus 1447;LineType_1;100.891;100;EHV1;1
EHV Line 56;EHV Bus 1873;EHV Bus 1831;LineType_1;100.72;100;EHV1;1
EHV Line 57;EHV Bus 1873;EHV Bus 1831;LineType_1;100.72;100;EHV1;1
EHV Line 58;EHV Bus 1755;EHV Bus 1757;LineType_8;98.459;100;EHV1;1
EHV Line 59;EHV Bus 1541;EHV Bus 1543;LineType_2;94.57;100;EHV1;1
EHV Line 60;EHV Bus 307;EHV Bus 113;LineType_1;93.968;100;EHV1;1
EHV Line 61;EHV Bus 307;EHV Bus 113;LineType_1;93.956;100;EHV1;1
EHV Line 62;EHV Bus 333;EHV Bus 335;LineType_2;92.485;100;EHV1;1
EHV Line 63;EHV Bus 1873;EHV Bus 1869;LineType_1;90.842;100;EHV1;1
EHV Line 64;EHV Bus 1485;EHV Bus 3070;LineType_1;89.448;100;EHV1;1
EHV Line 65;EHV Bus 281;EHV Bus 325;LineType_10;89.153;100;EHV1;1
EHV Line 66;EHV Bus 281;EHV Bus 325;LineType_10;89.153;100;EHV1;1
EHV Line 67;EHV Bus 101;EHV Bus 307;LineType_7;89.02;100;EHV1;1
EHV Line 68;EHV Bus 101;EHV Bus 307;LineType_1;89.009;100;EHV1;1
EHV Line 69;EHV Bus 85;EHV Bus 375;LineType_3;88.422;100;EHV1;1
EHV Line 70;EHV Bus 9;EHV Bus 143;LineType_2;87.239;100;EHV1;1
EHV Line 71;EHV Bus 15;EHV Bus 1430;LineType_2;87.113;100;EHV1;1
EHV Line 72;EHV Bus 15;EHV Bus 1430;LineType_2;87.113;100;EHV1;1
EHV Line 73;EHV Bus 421;EHV Bus 333;LineType_1;86.602;100;EHV1;1
EHV Line 74;EHV Bus 1705;EHV Bus 1671;LineType_1;86.285;100;EHV1;1
EHV Line 75;EHV Bus 1635;EHV Bus 1447;LineType_1;86.207;100;EHV1;1
EHV Line 76;EHV Bus 1807;EHV Bus 1805;LineType_2;86.154;100;EHV1;1
EHV Line 77;EHV Bus 5;EHV Bus 37;LineType_2;85.903;100;EHV1;1
EHV Line 78;EHV Bus 5;EHV Bus 37;LineType_2;85.898;100;EHV1;1
EHV Line 79;EHV Bus 305;EHV Bus 361;LineType_4;85.362;100;EHV1;1
EHV Line 80;EHV Bus 119;EHV Bus 1415;LineType_2;84.887;100;EHV1;1
EHV Line 81;EHV Bus 311;EHV Bus 307;LineType_9;84.425;100;EHV1;1
EHV Line 82;EHV Bus 311;EHV Bus 307;LineType_9;84.425;100;EHV1;1
EHV Line 83;EHV Bus 187;EHV Bus 175;LineType_2;83.803;100;EHV1;1
EHV Line 84;EHV Bus 1695;EHV Bus 1497;LineType_1;83.123;100;EHV1;1
EHV Line 85;EHV Bus 1695;EHV Bus 1497;LineType_1;83.123;100;EHV1;1
EHV Line 86;EHV Bus 305;EHV Bus 307;LineType_2;83.027;100;EHV1;1
EHV Line 87;EHV Bus 305;EHV Bus 307;LineType_2;83.019;100;EHV1;1
EHV Line 88;EHV Bus 233;EHV Bus 401;LineType_1;82.322;100;EHV1;1
EHV Line 89;EHV Bus 1713;EHV Bus 1791;LineType_2;81.82;100;EHV1;1
EHV Line 90;EHV Bus 1713;EHV Bus 1791;LineType_5;81.8;100;EHV1;1
EHV Line 91;EHV Bus 1755;EHV Bus 1513;LineType_4;81.652;100;EHV1;1
EHV Line 92;EHV Bus 1755;EHV Bus 1513;LineType_4;81.644;100;EHV1;1
EHV Line 93;EHV Bus 419;EHV Bus 483;LineType_2;81.199;100;EHV1;1
EHV Line 94;EHV Bus 371;EHV Bus 423;LineType_2;80.918;100;EHV1;1
EHV Line 95;EHV Bus 1437;EHV Bus 1663;LineType_3;79.314;100;EHV1;1
EHV Line 96;EHV Bus 1437;EHV Bus 1663;LineType_3;79.222;100;EHV1;1
EHV Line 97;EHV Bus 291;EHV Bus 293;LineType_10;78.478;100;EHV1;1
EHV Line 98;EHV Bus 291;EHV Bus 293;LineType_10;78.478;100;EHV1;1
EHV Line 99;EHV Bus 97;EHV Bus 43;LineType_2;78.039;100;EHV1;1
EHV Line 100;EHV Bus 97;EHV Bus 43;LineType_2;78.036;100;EHV1;1
EHV Line 101;EHV Bus 499;EHV Bus 365;LineType_7;77.863;100;EHV1;1
EHV Line 102;EHV Bus 1519;EHV Bus 1475;LineType_2;77.739;100;EHV1;1
EHV Line 103;EHV Bus 1703;EHV Bus 1901;LineType_2;77.281;100;EHV1;1
EHV Line 104;EHV Bus 1613;EHV Bus 3072;LineType_1;76.746;100;EHV1;1
EHV Line 105;EHV Bus 1435;EHV Bus 1663;LineType_1;76.534;100;EHV1;1
EHV Line 106;EHV Bus 319;EHV Bus 1424;LineType_2;76.491;100;EHV1;1
EHV Line 107;EHV Bus 1453;EHV Bus 1831;LineType_3;76.213;100;EHV1;1
EHV Line 108;EHV Bus 297;EHV Bus 175;LineType_2;75.907;100;EHV1;1
EHV Line 109;EHV Bus 53;EHV Bus 57;LineType_4;75.663;100;EHV1;1
EHV Line 110;EHV Bus 1435;EHV Bus 1441;LineType_1;74.543;100;EHV1;1
EHV Line 111;EHV Bus 1533;EHV Bus 1525;LineType_2;74.44;100;EHV1;1
EHV Line 112;EHV Bus 1803;EHV Bus 1801;LineType_7;74.283;100;EHV1;1
EHV Line 113;EHV Bus 183;EHV Bus 175;LineType_2;73.839;100;EHV1;1
EHV Line 114;EHV Bus 1823;EHV Bus 1825;LineType_1;73.783;100;EHV1;1
EHV Line 115;EHV Bus 1823;EHV Bus 1825;LineType_1;73.783;100;EHV1;1
EHV Line 116;EHV Bus 1673;EHV Bus 1683;LineType_2;73.735;100;EHV1;1
EHV Line 117;EHV Bus 1717;EHV Bus 1961;LineType_1;73.291;100;EHV1;1
EHV Line 118;EHV Bus 283;EHV Bus 263;LineType_2;73.241;100;EHV1;1
EHV Line 119;EHV Bus 1697;EHV Bus 1713;LineType_5;73.19;100;EHV1;1
EHV Line 120;EHV Bus 1;EHV Bus 3;LineType_2;72.714;100;EHV1;1
EHV Line 121;EHV Bus 1;EHV Bus 3;LineType_2;72.71;100;EHV1;1
EHV Line 122;EHV Bus 43;EHV Bus 45;LineType_4;72.628;100;EHV1;1
EHV Line 123;EHV Bus 1703;EHV Bus 1795;LineType_2;72.367;100;EHV1;1
EHV Line 124;EHV Bus 1703;EHV Bus 1795;LineType_2;72.367;100;EHV1;1
EHV Line 125;EHV Bus 143;EHV Bus 59;LineType_2;71.639;100;EHV1;1
EHV Line 126;EHV Bus 1457;EHV Bus 3065;LineType_1;71.416;100;EHV1;1
EHV Line 127;EHV Bus 1457;EHV Bus 3065;LineType_1;71.416;100;EHV1;1
EHV Line 128;EHV Bus 1541;EHV Bus 1709;LineType_1;70.873;100;EHV1;1
EHV Line 129;EHV Bus 1443;EHV Bus 1491;LineType_8;70.002;100;EHV1;1
EHV Line 130;EHV Bus 123;EHV Bus 119;LineType_2;69.898;100;EHV1;1
EHV Line 131;EHV Bus 1701;EHV Bus 1703;LineType_2;69.736;100;EHV1;1
EHV Line 132;EHV Bus 1443;EHV Bus 1447;LineType_1;68.345;100;EHV1;1
EHV Line 133;EHV Bus 1555;EHV Bus 1557;LineType_2;68.016;100;EHV1;1
EHV Line 134;EHV Bus 1555;EHV Bus 1557;LineType_2;68.009;100;EHV1;1
EHV Line 135;EHV Bus 1759;EHV Bus 1757;LineType_1;67.51;100;EHV1;1
EHV Line 136;EHV Bus 159;EHV Bus 167;LineType_2;67.402;100;EHV1;1
EHV Line 137;EHV Bus 1495;EHV Bus 1501;LineType_1;66.558;100;EHV1;1
EHV Line 138;EHV Bus 1517;EHV Bus 1687;LineType_5;66.433;100;EHV1;1
EHV Line 139;EHV Bus 1475;EHV Bus 1817;LineType_1;65.772;100;EHV1;1
EHV Line 140;EHV Bus 1475;EHV Bus 1817;LineType_1;65.769;100;EHV1;1
EHV Line 141;EHV Bus 1631;EHV Bus 1677;LineType_1;65.477;100;EHV1;1
EHV Line 142;EHV Bus 1515;EHV Bus 1517;LineType_2;64.423;100;EHV1;1
EHV Line 143;EHV Bus 1517;EHV Bus 1715;LineType_7;64.059;100;EHV1;1
EHV Line 144;EHV Bus 1527;EHV Bus 1523;LineType_2;63.813;100;EHV1;1
EHV Line 145;EHV Bus 367;EHV Bus 377;LineType_10;63.565;100;EHV1;1
EHV Line 146;EHV Bus 367;EHV Bus 377;LineType_10;63.565;100;EHV1;1
EHV Line 147;EHV Bus 1687;EHV Bus 1685;LineType_2;63.56;100;EHV1;1
EHV Line 148;EHV Bus 1465;EHV Bus 1743;LineType_7;63.335;100;EHV1;1
EHV Line 149;EHV Bus 1465;EHV Bus 1743;LineType_7;63.332;100;EHV1;1
EHV Line 150;EHV Bus 1463;EHV Bus 1465;LineType_2;62.941;100;EHV1;1
EHV Line 151;EHV Bus 1463;EHV Bus 1465;LineType_2;62.941;100;EHV1;1
EHV Line 152;EHV Bus 1811;EHV Bus 1825;LineType_1;62.836;100;EHV1;1
EHV Line 153;EHV Bus 1555;EHV Bus 1961;LineType_2;62.393;100;EHV1;1
EHV Line 154;EHV Bus 115;EHV Bus 111;LineType_2;62.118;100;EHV1;1
EHV Line 155;EHV Bus 115;EHV Bus 111;LineType_1;62.103;100;EHV1;1
EHV Line 156;EHV Bus 1637;EHV Bus 1639;LineType_1;61.993;100;EHV1;1
EHV Line 157;EHV Bus 61;EHV Bus 101;LineType_6;61.987;100;EHV1;1
EHV Line 158;EHV Bus 1533;EHV Bus 1535;LineType_2;61.867;100;EHV1;1
EHV Line 159;EHV Bus 1755;EHV Bus 1757;LineType_2;61.758;100;EHV1;1
EHV Line 160;EHV Bus 1639;EHV Bus 3070;LineType_1;61.67;100;EHV1;1
EHV Line 161;EHV Bus 1533;EHV Bus 1535;LineType_1;61.597;100;EHV1;1
EHV Line 162;EHV Bus 19;EHV Bus 377;LineType_11;61.219;100;EHV1;1
EHV Line 163;EHV Bus 19;EHV Bus 377;LineType_11;61.219;100;EHV1;1
EHV Line 164;EHV Bus 19;EHV Bus 377;LineType_11;61.219;100;EHV1;1
EHV Line 165;EHV Bus 1441;EHV Bus 3082;LineType_7;61.023;100;EHV1;1
EHV Line 166;EHV Bus 173;EHV Bus 1419;LineType_2;60.215;100;EHV1;1
EHV Line 167;EHV Bus 173;EHV Bus 1419;LineType_2;60.215;100;EHV1;1
EHV Line 168;EHV Bus 1525;EHV Bus 1535;LineType_2;60.21;100;EHV1;1
EHV Line 169;EHV Bus 1789;EHV Bus 1697;LineType_1;59.729;100;EHV1;1
EHV Line 170;EHV Bus 1719;EHV Bus 1707;LineType_7;59.103;100;EHV1;1
EHV Line 171;EHV Bus 41;EHV Bus 45;LineType_4;58.397;100;EHV1;1
EHV Line 172;EHV Bus 139;EHV Bus 1419;LineType_2;58.369;100;EHV1;1
EHV Line 173;EHV Bus 139;EHV Bus 1419;LineType_2;58.347;100;EHV1;1
EHV Line 174;EHV Bus 371;EHV Bus 481;LineType_2;58.294;100;EHV1;1
EHV Line 175;EHV Bus 203;EHV Bus 159;LineType_2;57.561;100;EHV1;1
EHV Line 176;EHV Bus 1459;EHV Bus 1461;LineType_2;57.443;100;EHV1;1
EHV Line 177;EHV Bus 207;EHV Bus 259;LineType_3;57.422;100;EHV1;1
EHV Line 178;EHV Bus 207;EHV Bus 259;LineType_3;57.414;100;EHV1;1
EHV Line 179;EHV Bus 1459;EHV Bus 1461;LineType_2;57.4;100;EHV1;1
EHV Line 180;EHV Bus 1739;EHV Bus 1609;LineType_1;57.14;100;EHV1;1
EHV Line 181;EHV Bus 1739;EHV Bus 1609;LineType_1;57.126;100;EHV1;1
EHV Line 182;EHV Bus 275;EHV Bus 277;LineType_2;56.988;100;EHV1;1
EHV Line 183;EHV Bus 289;EHV Bus 403;LineType_4;56.641;100;EHV1;1
EHV Line 184;EHV Bus 357;EHV Bus 315;LineType_4;56.622;100;EHV1;1
EHV Line 185;EHV Bus 357;EHV Bus 315;LineType_4;56.622;100;EHV1;1
EHV Line 186;EHV Bus 321;EHV Bus 323;LineType_10;56.535;100;EHV1;1
EHV Line 187;EHV Bus 321;EHV Bus 323;LineType_10;56.535;100;EHV1;1
EHV Line 188;EHV Bus 25;EHV Bus 55;LineType_4;56.402;100;EHV1;1
EHV Line 189;EHV Bus 1631;EHV Bus 1455;LineType_1;56.383;100;EHV1;1
EHV Line 190;EHV Bus 1631;EHV Bus 1455;LineType_1;56.329;100;EHV1;1
EHV Line 191;EHV Bus 371;EHV Bus 109;LineType_4;56.015;100;EHV1;1
EHV Line 192;EHV Bus 371;EHV Bus 109;LineType_4;56.005;100;EHV1;1
EHV Line 193;EHV Bus 43;EHV Bus 317;LineType_1;55.916;100;EHV1;1
EHV Line 194;EHV Bus 93;EHV Bus 91;LineType_2;55.615;100;EHV1;1
EHV Line 195;EHV Bus 77;EHV Bus 79;LineType_3;55.597;100;EHV1;1
EHV Line 196;EHV Bus 1761;EHV Bus 1609;LineType_7;55.591;100;EHV1;1
EHV Line 197;EHV Bus 1761;EHV Bus 1609;LineType_7;55.591;100;EHV1;1
EHV Line 198;EHV Bus 339;EHV Bus 337;LineType_2;55.273;100;EHV1;1
EHV Line 199;EHV Bus 1443;EHV Bus 1487;LineType_1;55.074;100;EHV1;1
EHV Line 200;EHV Bus 1443;EHV Bus 1487;LineType_1;55.013;100;EHV1;1
EHV Line 201;EHV Bus 99;EHV Bus 101;LineType_4;54.235;100;EHV1;1
EHV Line 202;EHV Bus 105;EHV Bus 107;LineType_2;54.129;100;EHV1;1
EHV Line 203;EHV Bus 105;EHV Bus 107;LineType_2;54.129;100;EHV1;1
EHV Line 204;EHV Bus 7;EHV Bus 1;LineType_2;53.927;100;EHV1;1
EHV Line 205;EHV Bus 1515;EHV Bus 1813;LineType_1;52.869;100;EHV1;1
EHV Line 206;EHV Bus 1473;EHV Bus 1663;LineType_3;52.746;100;EHV1;1
EHV Line 207;EHV Bus 1473;EHV Bus 1663;LineType_3;52.743;100;EHV1;1
EHV Line 208;EHV Bus 109;EHV Bus 1414;LineType_2;51.85;100;EHV1;1
EHV Line 209;EHV Bus 1755;EHV Bus 1759;LineType_1;51.644;100;EHV1;1
EHV Line 210;EHV Bus 341;EHV Bus 343;LineType_2;51.643;100;EHV1;1
EHV Line 211;EHV Bus 1451;EHV Bus 1733;LineType_2;51.437;100;EHV1;1
EHV Line 212;EHV Bus 1451;EHV Bus 1733;LineType_2;51.437;100;EHV1;1
EHV Line 213;EHV Bus 1589;EHV Bus 1557;LineType_1;51.137;100;EHV1;1
EHV Line 214;EHV Bus 1589;EHV Bus 1557;LineType_1;51.137;100;EHV1;1
EHV Line 215;EHV Bus 95;EHV Bus 97;LineType_2;51.006;100;EHV1;1
EHV Line 216;EHV Bus 33;EHV Bus 435;LineType_2;50.9;100;EHV1;1
EHV Line 217;EHV Bus 33;EHV Bus 435;LineType_2;50.9;100;EHV1;1
EHV Line 218;EHV Bus 161;EHV Bus 167;LineType_2;50.886;100;EHV1;1
EHV Line 219;EHV Bus 41;EHV Bus 325;LineType_10;50.49;100;EHV1;1
EHV Line 220;EHV Bus 41;EHV Bus 325;LineType_10;50.49;100;EHV1;1
EHV Line 221;EHV Bus 109;EHV Bus 317;LineType_4;50.419;100;EHV1;1
EHV Line 222;EHV Bus 109;EHV Bus 317;LineType_4;50.384;100;EHV1;1
EHV Line 223;EHV Bus 343;EHV Bus 1425;LineType_2;50.242;100;EHV1;1
EHV Line 224;EHV Bus 1709;EHV Bus 1963;LineType_1;50.054;100;EHV1;1
EHV Line 225;EHV Bus 17;EHV Bus 341;LineType_10;50.053;100;EHV1;1
EHV Line 226;EHV Bus 17;EHV Bus 341;LineType_10;50.053;100;EHV1;1
EHV Line 227;EHV Bus 373;EHV Bus 333;LineType_2;49.572;100;EHV1;1
EHV Line 228;EHV Bus 371;EHV Bus 375;LineType_3;49.452;100;EHV1;1
EHV Line 229;EHV Bus 1483;EHV Bus 1771;LineType_4;48.848;100;EHV1;1
EHV Line 230;EHV Bus 251;EHV Bus 137;LineType_2;48.835;100;EHV1;1
EHV Line 231;EHV Bus 1795;EHV Bus 1767;LineType_10;48.835;100;EHV1;1
EHV Line 232;EHV Bus 1795;EHV Bus 1767;LineType_10;48.835;100;EHV1;1
EHV Line 233;EHV Bus 1463;EHV Bus 1905;LineType_1;48.786;100;EHV1;1
EHV Line 234;EHV Bus 1483;EHV Bus 1771;LineType_4;48.771;100;EHV1;1
EHV Line 235;EHV Bus 49;EHV Bus 67;LineType_1;48.762;100;EHV1;1
EHV Line 236;EHV Bus 49;EHV Bus 67;LineType_1;48.742;100;EHV1;1
EHV Line 237;EHV Bus 367;EHV Bus 365;LineType_1;48.648;100;EHV1;1
EHV Line 238;EHV Bus 1689;EHV Bus 1441;LineType_2;48.57;100;EHV1;1
EHV Line 239;EHV Bus 445;EHV Bus 401;LineType_2;48.482;100;EHV1;1
EHV Line 240;EHV Bus 361;EHV Bus 363;LineType_4;47.762;100;EHV1;1
EHV Line 241;EHV Bus 331;EHV Bus 337;LineType_8;47.743;100;EHV1;1
EHV Line 242;EHV Bus 1767;EHV Bus 3067;LineType_5;47.488;100;EHV1;1
EHV Line 243;EHV Bus 59;EHV Bus 141;LineType_2;47.16;100;EHV1;1
EHV Line 244;EHV Bus 119;EHV Bus 127;LineType_2;47.098;100;EHV1;1
EHV Line 245;EHV Bus 1633;EHV Bus 1557;LineType_1;47.007;100;EHV1;1
EHV Line 246;EHV Bus 1685;EHV Bus 1683;LineType_1;46.998;100;EHV1;1
EHV Line 247;EHV Bus 89;EHV Bus 93;LineType_2;46.997;100;EHV1;1
EHV Line 248;EHV Bus 1715;EHV Bus 1687;LineType_7;46.972;100;EHV1;1
EHV Line 249;EHV Bus 1883;EHV Bus 1875;LineType_2;46.738;100;EHV1;1
EHV Line 250;EHV Bus 1883;EHV Bus 1875;LineType_2;46.738;100;EHV1;1
EHV Line 251;EHV Bus 1523;EHV Bus 1525;LineType_2;46.365;100;EHV1;1
EHV Line 252;EHV Bus 1763;EHV Bus 1783;LineType_2;46.15;100;EHV1;1
EHV Line 253;EHV Bus 1763;EHV Bus 1783;LineType_2;46.15;100;EHV1;1
EHV Line 254;EHV Bus 263;EHV Bus 265;LineType_2;46.142;100;EHV1;1
EHV Line 255;EHV Bus 263;EHV Bus 265;LineType_2;46.083;100;EHV1;1
EHV Line 256;EHV Bus 113;EHV Bus 315;LineType_2;46.065;100;EHV1;1
EHV Line 257;EHV Bus 113;EHV Bus 315;LineType_1;46.055;100;EHV1;1
EHV Line 258;EHV Bus 251;EHV Bus 139;LineType_2;45.953;100;EHV1;1
EHV Line 259;EHV Bus 1445;EHV Bus 1447;LineType_1;45.776;100;EHV1;1
EHV Line 260;EHV Bus 1519;EHV Bus 1757;LineType_1;45.66;100;EHV1;1
EHV Line 261;EHV Bus 287;EHV Bus 289;LineType_7;45.599;100;EHV1;1
EHV Line 262;EHV Bus 255;EHV Bus 247;LineType_2;45.519;100;EHV1;1
EHV Line 263;EHV Bus 255;EHV Bus 247;LineType_2;45.51;100;EHV1;1
EHV Line 264;EHV Bus 447;EHV Bus 335;LineType_2;45.289;100;EHV1;1
EHV Line 265;EHV Bus 1823;EHV Bus 1803;LineType_1;45.222;100;EHV1;1
EHV Line 266;EHV Bus 1823;EHV Bus 1803;LineType_1;45.222;100;EHV1;1
EHV Line 267;EHV Bus 1669;EHV Bus 1671;LineType_7;45.094;100;EHV1;1
EHV Line 268;EHV Bus 1669;EHV Bus 1671;LineType_1;45.094;100;EHV1;1
EHV Line 269;EHV Bus 169;EHV Bus 173;LineType_2;44.755;100;EHV1;1
EHV Line 270;EHV Bus 169;EHV Bus 173;LineType_2;44.755;100;EHV1;1
EHV Line 271;EHV Bus 1449;EHV Bus 1453;LineType_3;44.206;100;EHV1;1
EHV Line 272;EHV Bus 1449;EHV Bus 1453;LineType_3;44.134;100;EHV1;1
EHV Line 273;EHV Bus 1433;EHV Bus 1435;LineType_1;43.396;100;EHV1;1
EHV Line 274;EHV Bus 379;EHV Bus 85;LineType_3;43.396;100;EHV1;1
EHV Line 275;EHV Bus 1433;EHV Bus 1435;LineType_1;43.392;100;EHV1;1
EHV Line 276;EHV Bus 115;EHV Bus 101;LineType_2;43.39;100;EHV1;1
EHV Line 277;EHV Bus 115;EHV Bus 101;LineType_2;43.374;100;EHV1;1
EHV Line 278;EHV Bus 371;EHV Bus 373;LineType_2;43.353;100;EHV1;1
EHV Line 279;EHV Bus 1581;EHV Bus 1583;LineType_1;43.153;100;EHV1;1
EHV Line 280;EHV Bus 1955;EHV Bus 3084;LineType_1;42.997;100;EHV1;1
EHV Line 281;EHV Bus 171;EHV Bus 473;LineType_2;42.735;100;EHV1;1
EHV Line 282;EHV Bus 1435;EHV Bus 3080;LineType_1;42.735;100;EHV1;1
EHV Line 283;EHV Bus 365;EHV Bus 503;LineType_1;42.417;100;EHV1;1
EHV Line 284;EHV Bus 217;EHV Bus 149;LineType_2;42.407;100;EHV1;1
EHV Line 285;EHV Bus 123;EHV Bus 1421;LineType_2;42.344;100;EHV1;1
EHV Line 286;EHV Bus 1927;EHV Bus 3065;LineType_1;42.197;100;EHV1;1
EHV Line 287;EHV Bus 1927;EHV Bus 3065;LineType_1;42.197;100;EHV1;1
EHV Line 288;EHV Bus 1667;EHV Bus 3069;LineType_7;42.137;100;EHV1;1
EHV Line 289;EHV Bus 1463;EHV Bus 1469;LineType_1;41.967;100;EHV1;1
EHV Line 290;EHV Bus 1485;EHV Bus 1677;LineType_1;41.561;100;EHV1;1
EHV Line 291;EHV Bus 1511;EHV Bus 1495;LineType_1;41.544;100;EHV1;1
EHV Line 292;EHV Bus 1571;EHV Bus 1547;LineType_1;41.49;100;EHV1;1
EHV Line 293;EHV Bus 1571;EHV Bus 1547;LineType_1;41.487;100;EHV1;1
EHV Line 294;EHV Bus 1535;EHV Bus 3069;LineType_7;41.217;100;EHV1;1
EHV Line 295;EHV Bus 425;EHV Bus 271;LineType_1;40.939;100;EHV1;1
EHV Line 296;EHV Bus 145;EHV Bus 121;LineType_2;40.857;100;EHV1;1
EHV Line 297;EHV Bus 41;EHV Bus 69;LineType_10;40.727;100;EHV1;1
EHV Line 298;EHV Bus 41;EHV Bus 69;LineType_10;40.727;100;EHV1;1
EHV Line 299;EHV Bus 1879;EHV Bus 1877;LineType_7;40.653;100;EHV1;1
EHV Line 300;EHV Bus 271;EHV Bus 1428;LineType_1;40.623;100;EHV1;1
EHV Line 301;EHV Bus 1743;EHV Bus 1745;LineType_7;40.503;100;EHV1;1
EHV Line 302;EHV Bus 1841;EHV Bus 1843;LineType_2;40.22;100;EHV1;1
EHV Line 303;EHV Bus 1841;EHV Bus 1843;LineType_2;40.22;100;EHV1;1
EHV Line 304;EHV Bus 1841;EHV Bus 1843;LineType_1;40.208;100;EHV1;1
EHV Line 305;EHV Bus 1707;EHV Bus 1963;LineType_1;39.815;100;EHV1;1
EHV Line 306;EHV Bus 1829;EHV Bus 1831;LineType_1;39.81;100;EHV1;1
EHV Line 307;EHV Bus 1463;EHV Bus 3068;LineType_7;39.547;100;EHV1;1
EHV Line 308;EHV Bus 1463;EHV Bus 3068;LineType_7;39.547;100;EHV1;1
EHV Line 309;EHV Bus 1873;EHV Bus 1825;LineType_1;39.327;100;EHV1;1
EHV Line 310;EHV Bus 1873;EHV Bus 1825;LineType_2;39.327;100;EHV1;1
EHV Line 311;EHV Bus 1449;EHV Bus 1451;LineType_1;39.295;100;EHV1;1
EHV Line 312;EHV Bus 1449;EHV Bus 1451;LineType_1;39.279;100;EHV1;1
EHV Line 313;EHV Bus 191;EHV Bus 1417;LineType_2;39.216;100;EHV1;1
EHV Line 314;EHV Bus 1489;EHV Bus 1491;LineType_1;38.927;100;EHV1;1
EHV Line 315;EHV Bus 1491;EHV Bus 3066;LineType_1;38.914;100;EHV1;1
EHV Line 316;EHV Bus 1663;EHV Bus 1509;LineType_7;38.836;100;EHV1;1
EHV Line 317;EHV Bus 1679;EHV Bus 1903;LineType_2;38.689;100;EHV1;1
EHV Line 318;EHV Bus 115;EHV Bus 1430;LineType_2;38.638;100;EHV1;1
EHV Line 319;EHV Bus 97;EHV Bus 103;LineType_2;38.633;100;EHV1;1
EHV Line 320;EHV Bus 115;EHV Bus 1430;LineType_2;38.615;100;EHV1;1
EHV Line 321;EHV Bus 441;EHV Bus 353;LineType_1;38.338;100;EHV1;1
EHV Line 322;EHV Bus 1495;EHV Bus 1499;LineType_5;37.972;100;EHV1;1
EHV Line 323;EHV Bus 1789;EHV Bus 3084;LineType_1;37.581;100;EHV1;1
EHV Line 324;EHV Bus 1585;EHV Bus 1551;LineType_7;37.526;100;EHV1;1
EHV Line 325;EHV Bus 305;EHV Bus 363;LineType_4;37.518;100;EHV1;1
EHV Line 326;EHV Bus 49;EHV Bus 53;LineType_2;37.294;100;EHV1;1
EHV Line 327;EHV Bus 49;EHV Bus 53;LineType_2;37.273;100;EHV1;1
EHV Line 328;EHV Bus 233;EHV Bus 235;LineType_4;37.272;100;EHV1;1
EHV Line 329;EHV Bus 1917;EHV Bus 1501;LineType_2;37.272;100;EHV1;1
EHV Line 330;EHV Bus 1575;EHV Bus 1551;LineType_7;37.24;100;EHV1;1
EHV Line 331;EHV Bus 1547;EHV Bus 1527;LineType_2;37.01;100;EHV1;1
EHV Line 332;EHV Bus 365;EHV Bus 505;LineType_2;36.58;100;EHV1;1
EHV Line 333;EHV Bus 365;EHV Bus 505;LineType_2;36.504;100;EHV1;1
EHV Line 334;EHV Bus 361;EHV Bus 315;LineType_2;36.426;100;EHV1;1
EHV Line 335;EHV Bus 21;EHV Bus 5;LineType_2;36.262;100;EHV1;1
EHV Line 336;EHV Bus 21;EHV Bus 5;LineType_2;36.258;100;EHV1;1
EHV Line 337;EHV Bus 353;EHV Bus 351;LineType_8;36.05;100;EHV1;1
EHV Line 338;EHV Bus 1811;EHV Bus 1859;LineType_1;35.879;100;EHV1;1
EHV Line 339;EHV Bus 1743;EHV Bus 1747;LineType_7;35.818;100;EHV1;1
EHV Line 340;EHV Bus 59;EHV Bus 135;LineType_2;35.726;100;EHV1;1
EHV Line 341;EHV Bus 59;EHV Bus 135;LineType_2;35.711;100;EHV1;1
EHV Line 342;EHV Bus 181;EHV Bus 463;LineType_2;35.535;100;EHV1;1
EHV Line 343;EHV Bus 121;EHV Bus 163;LineType_2;35.448;100;EHV1;1
EHV Line 344;EHV Bus 1525;EHV Bus 3069;LineType_7;35.349;100;EHV1;1
EHV Line 345;EHV Bus 343;EHV Bus 345;LineType_2;35.196;100;EHV1;1
EHV Line 346;EHV Bus 163;EHV Bus 215;LineType_2;34.603;100;EHV1;1
EHV Line 347;EHV Bus 169;EHV Bus 171;LineType_2;34.59;100;EHV1;1
EHV Line 348;EHV Bus 1515;EHV Bus 1669;LineType_2;34.387;100;EHV1;1
EHV Line 349;EHV Bus 1515;EHV Bus 1669;LineType_1;34.387;100;EHV1;1
EHV Line 350;EHV Bus 1565;EHV Bus 1561;LineType_1;34.376;100;EHV1;1
EHV Line 351;EHV Bus 1679;EHV Bus 1879;LineType_1;34.215;100;EHV1;1
EHV Line 352;EHV Bus 453;EHV Bus 1413;LineType_2;34.207;100;EHV1;1
EHV Line 353;EHV Bus 1565;EHV Bus 1595;LineType_1;34.101;100;EHV1;1
EHV Line 354;EHV Bus 1439;EHV Bus 1441;LineType_1;33.954;100;EHV1;1
EHV Line 355;EHV Bus 1555;EHV Bus 1559;LineType_2;33.945;100;EHV1;1
EHV Line 356;EHV Bus 1439;EHV Bus 1441;LineType_1;33.893;100;EHV1;1
EHV Line 357;EHV Bus 1663;EHV Bus 3080;LineType_1;33.88;100;EHV1;1
EHV Line 358;EHV Bus 287;EHV Bus 235;LineType_1;33.854;100;EHV1;1
EHV Line 359;EHV Bus 7;EHV Bus 5;LineType_2;33.483;100;EHV1;1
EHV Line 360;EHV Bus 107;EHV Bus 161;LineType_2;33.335;100;EHV1;1
EHV Line 361;EHV Bus 107;EHV Bus 161;LineType_2;33.331;100;EHV1;1
EHV Line 362;EHV Bus 445;EHV Bus 479;LineType_1;33.218;100;EHV1;1
EHV Line 363;EHV Bus 1477;EHV Bus 1609;LineType_1;33.182;100;EHV1;1
EHV Line 364;EHV Bus 1477;EHV Bus 1609;LineType_1;33.177;100;EHV1;1
EHV Line 365;EHV Bus 71;EHV Bus 405;LineType_4;33.176;100;EHV1;1
EHV Line 366;EHV Bus 1891;EHV Bus 1879;LineType_1;33.127;100;EHV1;1
EHV Line 367;EHV Bus 1451;EHV Bus 1829;LineType_1;32.843;100;EHV1;1
EHV Line 368;EHV Bus 1781;EHV Bus 1533;LineType_1;32.836;100;EHV1;1
EHV Line 369;EHV Bus 1721;EHV Bus 1763;LineType_1;32.548;100;EHV1;1
EHV Line 370;EHV Bus 1721;EHV Bus 1763;LineType_1;32.546;100;EHV1;1
EHV Line 371;EHV Bus 39;EHV Bus 407;LineType_3;32.535;100;EHV1;1
EHV Line 372;EHV Bus 1607;EHV Bus 1609;LineType_1;32.25;100;EHV1;1
EHV Line 373;EHV Bus 1757;EHV Bus 1821;LineType_2;32.21;100;EHV1;1
EHV Line 374;EHV Bus 1757;EHV Bus 1821;LineType_2;32.21;100;EHV1;1
EHV Line 375;EHV Bus 1573;EHV Bus 1547;LineType_1;32.156;100;EHV1;1
EHV Line 376;EHV Bus 257;EHV Bus 105;LineType_10;32.036;100;EHV1;1
EHV Line 377;EHV Bus 257;EHV Bus 105;LineType_10;32.036;100;EHV1;1
EHV Line 378;EHV Bus 1679;EHV Bus 1879;LineType_2;31.859;100;EHV1;1
EHV Line 379;EHV Bus 447;EHV Bus 1426;LineType_1;31.844;100;EHV1;1
EHV Line 380;EHV Bus 1605;EHV Bus 1507;LineType_3;31.685;100;EHV1;1
EHV Line 381;EHV Bus 1521;EHV Bus 1465;LineType_7;31.619;100;EHV1;1
EHV Line 382;EHV Bus 27;EHV Bus 29;LineType_3;31.297;100;EHV1;1
EHV Line 383;EHV Bus 27;EHV Bus 29;LineType_3;31.29;100;EHV1;1
EHV Line 384;EHV Bus 1449;EHV Bus 1457;LineType_2;30.997;100;EHV1;1
EHV Line 385;EHV Bus 1449;EHV Bus 1457;LineType_2;30.997;100;EHV1;1
EHV Line 386;EHV Bus 1575;EHV Bus 1549;LineType_1;30.938;100;EHV1;1
EHV Line 387;EHV Bus 341;EHV Bus 345;LineType_2;30.847;100;EHV1;1
EHV Line 388;EHV Bus 1775;EHV Bus 1779;LineType_1;30.71;100;EHV1;1
EHV Line 389;EHV Bus 1565;EHV Bus 1559;LineType_1;30.679;100;EHV1;1
EHV Line 390;EHV Bus 1723;EHV Bus 3082;LineType_7;30.662;100;EHV1;1
EHV Line 391;EHV Bus 1723;EHV Bus 3082;LineType_7;30.661;100;EHV1;1
EHV Line 392;EHV Bus 441;EHV Bus 289;LineType_1;30.528;100;EHV1;1
EHV Line 393;EHV Bus 283;EHV Bus 1425;LineType_2;30.415;100;EHV1;1
EHV Line 394;EHV Bus 177;EHV Bus 219;LineType_2;30.311;100;EHV1;1
EHV Line 395;EHV Bus 195;EHV Bus 197;LineType_2;30.293;100;EHV1;1
EHV Line 396;EHV Bus 1755;EHV Bus 1797;LineType_1;30.256;100;EHV1;1
EHV Line 397;EHV Bus 1755;EHV Bus 1797;LineType_1;30.252;100;EHV1;1
EHV Line 398;EHV Bus 69;EHV Bus 321;LineType_10;29.743;100;EHV1;1
EHV Line 399;EHV Bus 69;EHV Bus 321;LineType_10;29.743;100;EHV1;1
EHV Line 400;EHV Bus 225;EHV Bus 29;LineType_2;29.684;100;EHV1;1
EHV Line 401;EHV Bus 1711;EHV Bus 1875;LineType_4;29.67;100;EHV1;1
EHV Line 402;EHV Bus 13;EHV Bus 51;LineType_4;29.66;100;EHV1;1
EHV Line 403;EHV Bus 225;EHV Bus 29;LineType_2;29.637;100;EHV1;1
EHV Line 404;EHV Bus 1785;EHV Bus 1725;LineType_1;29.612;100;EHV1;1
EHV Line 405;EHV Bus 1785;EHV Bus 1725;LineType_1;29.612;100;EHV1;1
EHV Line 406;EHV Bus 1635;EHV Bus 1639;LineType_1;29.595;100;EHV1;1
EHV Line 407;EHV Bus 1505;EHV Bus 1495;LineType_1;29.591;100;EHV1;1
EHV Line 408;EHV Bus 1613;EHV Bus 3074;LineType_7;29.546;100;EHV1;1
EHV Line 409;EHV Bus 1779;EHV Bus 3083;LineType_1;29.276;100;EHV1;1
EHV Line 410;EHV Bus 1;EHV Bus 1427;LineType_1;28.956;100;EHV1;1
EHV Line 411;EHV Bus 1885;EHV Bus 1875;LineType_1;28.944;100;EHV1;1
EHV Line 412;EHV Bus 1885;EHV Bus 1875;LineType_1;28.944;100;EHV1;1
EHV Line 413;EHV Bus 1511;EHV Bus 1767;LineType_1;28.906;100;EHV1;1
EHV Line 414;EHV Bus 1685;EHV Bus 1673;LineType_1;28.879;100;EHV1;1
EHV Line 415;EHV Bus 225;EHV Bus 39;LineType_2;28.686;100;EHV1;1
EHV Line 416;EHV Bus 225;EHV Bus 39;LineType_2;28.665;100;EHV1;1
EHV Line 417;EHV Bus 195;EHV Bus 1416;LineType_2;28.639;100;EHV1;1
EHV Line 418;EHV Bus 9;EHV Bus 29;LineType_2;28.593;100;EHV1;1
EHV Line 419;EHV Bus 9;EHV Bus 29;LineType_1;28.585;100;EHV1;1
EHV Line 420;EHV Bus 181;EHV Bus 183;LineType_2;28.549;100;EHV1;1
EHV Line 421;EHV Bus 9;EHV Bus 11;LineType_10;28.172;100;EHV1;1
EHV Line 422;EHV Bus 9;EHV Bus 11;LineType_10;28.172;100;EHV1;1
EHV Line 423;EHV Bus 1731;EHV Bus 3081;LineType_7;28.136;100;EHV1;1
EHV Line 424;EHV Bus 1835;EHV Bus 1839;LineType_2;28.059;100;EHV1;1
EHV Line 425;EHV Bus 1575;EHV Bus 1527;LineType_1;28.028;100;EHV1;1
EHV Line 426;EHV Bus 323;EHV Bus 1427;LineType_1;27.97;100;EHV1;1
EHV Line 427;EHV Bus 1613;EHV Bus 1667;LineType_1;27.924;100;EHV1;1
EHV Line 428;EHV Bus 267;EHV Bus 479;LineType_1;27.687;100;EHV1;1
EHV Line 429;EHV Bus 1443;EHV Bus 1445;LineType_1;27.55;100;EHV1;1
EHV Line 430;EHV Bus 1659;EHV Bus 1613;LineType_7;27.329;100;EHV1;1
EHV Line 431;EHV Bus 419;EHV Bus 423;LineType_2;27.327;100;EHV1;1
EHV Line 432;EHV Bus 1785;EHV Bus 1867;LineType_1;27.271;100;EHV1;1
EHV Line 433;EHV Bus 1815;EHV Bus 1759;LineType_1;26.919;100;EHV1;1
EHV Line 434;EHV Bus 1753;EHV Bus 1771;LineType_7;26.903;100;EHV1;1
EHV Line 435;EHV Bus 1753;EHV Bus 1771;LineType_7;26.898;100;EHV1;1
EHV Line 436;EHV Bus 261;EHV Bus 259;LineType_2;26.839;100;EHV1;1
EHV Line 437;EHV Bus 261;EHV Bus 259;LineType_2;26.839;100;EHV1;1
EHV Line 438;EHV Bus 433;EHV Bus 485;LineType_10;26.751;100;EHV1;1
EHV Line 439;EHV Bus 433;EHV Bus 485;LineType_10;26.751;100;EHV1;1
EHV Line 440;EHV Bus 1679;EHV Bus 1603;LineType_2;26.577;100;EHV1;1
EHV Line 441;EHV Bus 1865;EHV Bus 1779;LineType_1;26.537;100;EHV1;1
EHV Line 442;EHV Bus 427;EHV Bus 1428;LineType_1;26.428;100;EHV1;1
EHV Line 443;EHV Bus 1543;EHV Bus 1709;LineType_1;26.324;100;EHV1;1
EHV Line 444;EHV Bus 1641;EHV Bus 1637;LineType_1;26.216;100;EHV1;1
EHV Line 445;EHV Bus 21;EHV Bus 67;LineType_1;26.183;100;EHV1;1
EHV Line 446;EHV Bus 21;EHV Bus 67;LineType_2;26.183;100;EHV1;1
EHV Line 447;EHV Bus 1641;EHV Bus 1637;LineType_1;26.175;100;EHV1;1
EHV Line 448;EHV Bus 305;EHV Bus 1429;LineType_4;26.169;100;EHV1;1
EHV Line 449;EHV Bus 305;EHV Bus 1429;LineType_4;26.169;100;EHV1;1
EHV Line 450;EHV Bus 93;EHV Bus 275;LineType_2;26.074;100;EHV1;1
EHV Line 451;EHV Bus 43;EHV Bus 1414;LineType_2;25.886;100;EHV1;1
EHV Line 452;EHV Bus 247;EHV Bus 3;LineType_10;25.851;100;EHV1;1
EHV Line 453;EHV Bus 247;EHV Bus 3;LineType_10;25.851;100;EHV1;1
EHV Line 454;EHV Bus 11;EHV Bus 37;LineType_2;25.578;100;EHV1;1
EHV Line 455;EHV Bus 11;EHV Bus 37;LineType_2;25.57;100;EHV1;1
EHV Line 456;EHV Bus 495;EHV Bus 273;LineType_2;25.199;100;EHV1;1
EHV Line 457;EHV Bus 1615;EHV Bus 1613;LineType_1;25.193;100;EHV1;1
EHV Line 458;EHV Bus 1615;EHV Bus 1613;LineType_1;25.182;100;EHV1;1
EHV Line 459;EHV Bus 1549;EHV Bus 1551;LineType_4;24.759;100;EHV1;1
EHV Line 460;EHV Bus 1893;EHV Bus 1465;LineType_7;24.711;100;EHV1;1
EHV Line 461;EHV Bus 1555;EHV Bus 1569;LineType_5;24.483;100;EHV1;1
EHV Line 462;EHV Bus 1915;EHV Bus 1913;LineType_1;24.457;100;EHV1;1
EHV Line 463;EHV Bus 1915;EHV Bus 1913;LineType_1;24.385;100;EHV1;1
EHV Line 464;EHV Bus 351;EHV Bus 271;LineType_2;24.373;100;EHV1;1
EHV Line 465;EHV Bus 1823;EHV Bus 1827;LineType_2;24.278;100;EHV1;1
EHV Line 466;EHV Bus 23;EHV Bus 15;LineType_4;24.249;100;EHV1;1
EHV Line 467;EHV Bus 215;EHV Bus 245;LineType_2;23.954;100;EHV1;1
EHV Line 468;EHV Bus 1471;EHV Bus 1469;LineType_1;23.794;100;EHV1;1
EHV Line 469;EHV Bus 401;EHV Bus 479;LineType_2;23.664;100;EHV1;1
EHV Line 470;EHV Bus 1515;EHV Bus 1711;LineType_2;23.425;100;EHV1;1
EHV Line 471;EHV Bus 1541;EHV Bus 1843;LineType_1;23.314;100;EHV1;1
EHV Line 472;EHV Bus 1541;EHV Bus 1843;LineType_1;23.314;100;EHV1;1
EHV Line 473;EHV Bus 1563;EHV Bus 1559;LineType_1;23.279;100;EHV1;1
EHV Line 474;EHV Bus 227;EHV Bus 1420;LineType_2;23.238;100;EHV1;1
EHV Line 475;EHV Bus 1833;EHV Bus 1543;LineType_2;23.055;100;EHV1;1
EHV Line 476;EHV Bus 1833;EHV Bus 1543;LineType_2;23.055;100;EHV1;1
EHV Line 477;EHV Bus 165;EHV Bus 121;LineType_2;23.003;100;EHV1;1
EHV Line 478;EHV Bus 1897;EHV Bus 1847;LineType_1;22.988;100;EHV1;1
EHV Line 479;EHV Bus 1707;EHV Bus 1543;LineType_1;22.939;100;EHV1;1
EHV Line 480;EHV Bus 1595;EHV Bus 3075;LineType_7;22.759;100;EHV1;1
EHV Line 481;EHV Bus 301;EHV Bus 369;LineType_1;22.616;100;EHV1;1
EHV Line 482;EHV Bus 301;EHV Bus 369;LineType_1;22.616;100;EHV1;1
EHV Line 483;EHV Bus 1703;EHV Bus 1847;LineType_2;22.573;100;EHV1;1
EHV Line 484;EHV Bus 1703;EHV Bus 1847;LineType_2;22.573;100;EHV1;1
EHV Line 485;EHV Bus 1585;EHV Bus 1665;LineType_1;22.343;100;EHV1;1
EHV Line 486;EHV Bus 1585;EHV Bus 1665;LineType_1;22.34;100;EHV1;1
EHV Line 487;EHV Bus 193;EHV Bus 177;LineType_2;22.324;100;EHV1;1
EHV Line 488;EHV Bus 1573;EHV Bus 1551;LineType_7;22.121;100;EHV1;1
EHV Line 489;EHV Bus 1563;EHV Bus 1559;LineType_2;22.041;100;EHV1;1
EHV Line 490;EHV Bus 1563;EHV Bus 1559;LineType_2;22.041;100;EHV1;1
EHV Line 491;EHV Bus 111;EHV Bus 113;LineType_1;21.986;100;EHV1;1
EHV Line 492;EHV Bus 117;EHV Bus 243;LineType_2;21.971;100;EHV1;1
EHV Line 493;EHV Bus 111;EHV Bus 113;LineType_2;21.969;100;EHV1;1
EHV Line 494;EHV Bus 117;EHV Bus 243;LineType_2;21.965;100;EHV1;1
EHV Line 495;EHV Bus 1643;EHV Bus 1531;LineType_1;21.948;100;EHV1;1
EHV Line 496;EHV Bus 1503;EHV Bus 1505;LineType_1;21.826;100;EHV1;1
EHV Line 497;EHV Bus 405;EHV Bus 403;LineType_4;21.655;100;EHV1;1
EHV Line 498;EHV Bus 1563;EHV Bus 1587;LineType_1;21.641;100;EHV1;1
EHV Line 499;EHV Bus 1533;EHV Bus 1731;LineType_1;21.143;100;EHV1;1
EHV Line 500;EHV Bus 1533;EHV Bus 1731;LineType_1;21.13;100;EHV1;1
EHV Line 501;EHV Bus 1643;EHV Bus 3075;LineType_7;21.121;100;EHV1;1
EHV Line 502;EHV Bus 1885;EHV Bus 3085;LineType_5;21.046;100;EHV1;1
EHV Line 503;EHV Bus 1885;EHV Bus 3085;LineType_5;21.046;100;EHV1;1
EHV Line 504;EHV Bus 1885;EHV Bus 3085;LineType_5;21.046;100;EHV1;1
EHV Line 505;EHV Bus 1589;EHV Bus 1591;LineType_1;20.724;100;EHV1;1
EHV Line 506;EHV Bus 173;EHV Bus 1413;LineType_2;20.673;100;EHV1;1
EHV Line 507;EHV Bus 189;EHV Bus 191;LineType_2;20.649;100;EHV1;1
EHV Line 508;EHV Bus 353;EHV Bus 415;LineType_4;20.606;100;EHV1;1
EHV Line 509;EHV Bus 89;EHV Bus 279;LineType_2;20.594;100;EHV1;1
EHV Line 510;EHV Bus 1835;EHV Bus 1543;LineType_2;20.456;100;EHV1;1
EHV Line 511;EHV Bus 1835;EHV Bus 1543;LineType_2;20.456;100;EHV1;1
EHV Line 512;EHV Bus 173;EHV Bus 211;LineType_2;20.419;100;EHV1;1
EHV Line 513;EHV Bus 427;EHV Bus 339;LineType_2;20.324;100;EHV1;1
EHV Line 514;EHV Bus 1483;EHV Bus 1753;LineType_1;20.291;100;EHV1;1
EHV Line 515;EHV Bus 1483;EHV Bus 1753;LineType_1;20.288;100;EHV1;1
EHV Line 516;EHV Bus 137;EHV Bus 249;LineType_2;20.245;100;EHV1;1
EHV Line 517;EHV Bus 1843;EHV Bus 1845;LineType_1;20.132;100;EHV1;1
EHV Line 518;EHV Bus 1495;EHV Bus 3067;LineType_5;19.944;100;EHV1;1
EHV Line 519;EHV Bus 1547;EHV Bus 1625;LineType_1;19.909;100;EHV1;1
EHV Line 520;EHV Bus 1565;EHV Bus 1593;LineType_1;19.882;100;EHV1;1
EHV Line 521;EHV Bus 1565;EHV Bus 1627;LineType_1;19.859;100;EHV1;1
EHV Line 522;EHV Bus 477;EHV Bus 311;LineType_1;19.83;100;EHV1;1
EHV Line 523;EHV Bus 1697;EHV Bus 1699;LineType_1;19.768;100;EHV1;1
EHV Line 524;EHV Bus 433;EHV Bus 281;LineType_2;19.673;100;EHV1;1
EHV Line 525;EHV Bus 411;EHV Bus 413;LineType_4;19.672;100;EHV1;1
EHV Line 526;EHV Bus 1521;EHV Bus 1893;LineType_7;19.443;100;EHV1;1
EHV Line 527;EHV Bus 1471;EHV Bus 1463;LineType_1;19.43;100;EHV1;1
EHV Line 528;EHV Bus 93;EHV Bus 275;LineType_2;18.927;100;EHV1;1
EHV Line 529;EHV Bus 149;EHV Bus 229;LineType_2;18.908;100;EHV1;1
EHV Line 530;EHV Bus 1547;EHV Bus 1623;LineType_5;18.857;100;EHV1;1
EHV Line 531;EHV Bus 1603;EHV Bus 3081;LineType_7;18.533;100;EHV1;1
EHV Line 532;EHV Bus 355;EHV Bus 497;LineType_5;18.423;100;EHV1;1
EHV Line 533;EHV Bus 1549;EHV Bus 1577;LineType_1;18.409;100;EHV1;1
EHV Line 534;EHV Bus 1731;EHV Bus 1535;LineType_5;18.372;100;EHV1;1
EHV Line 535;EHV Bus 1731;EHV Bus 1535;LineType_5;18.372;100;EHV1;1
EHV Line 536;EHV Bus 1461;EHV Bus 1895;LineType_1;18.361;100;EHV1;1
EHV Line 537;EHV Bus 291;EHV Bus 429;LineType_1;18.321;100;EHV1;1
EHV Line 538;EHV Bus 1755;EHV Bus 1819;LineType_1;18.298;100;EHV1;1
EHV Line 539;EHV Bus 1755;EHV Bus 1819;LineType_1;18.201;100;EHV1;1
EHV Line 540;EHV Bus 1559;EHV Bus 1567;LineType_2;18.129;100;EHV1;1
EHV Line 541;EHV Bus 1569;EHV Bus 3079;LineType_1;17.908;100;EHV1;1
EHV Line 542;EHV Bus 1569;EHV Bus 3076;LineType_1;17.87;100;EHV1;1
EHV Line 543;EHV Bus 393;EHV Bus 19;LineType_2;17.702;100;EHV1;1
EHV Line 544;EHV Bus 393;EHV Bus 19;LineType_2;17.627;100;EHV1;1
EHV Line 545;EHV Bus 157;EHV Bus 151;LineType_2;17.508;100;EHV1;1
EHV Line 546;EHV Bus 491;EHV Bus 1429;LineType_4;17.414;100;EHV1;1
EHV Line 547;EHV Bus 491;EHV Bus 1429;LineType_4;17.414;100;EHV1;1
EHV Line 548;EHV Bus 1527;EHV Bus 3071;LineType_1;17.387;100;EHV1;1
EHV Line 549;EHV Bus 17;EHV Bus 81;LineType_2;17.129;100;EHV1;1
EHV Line 550;EHV Bus 17;EHV Bus 81;LineType_2;17.116;100;EHV1;1
EHV Line 551;EHV Bus 1555;EHV Bus 1589;LineType_1;17.08;100;EHV1;1
EHV Line 552;EHV Bus 1555;EHV Bus 1589;LineType_1;17.043;100;EHV1;1
EHV Line 553;EHV Bus 1493;EHV Bus 1447;LineType_2;17.015;100;EHV1;1
EHV Line 554;EHV Bus 1493;EHV Bus 1447;LineType_2;16.996;100;EHV1;1
EHV Line 555;EHV Bus 181;EHV Bus 187;LineType_2;16.939;100;EHV1;1
EHV Line 556;EHV Bus 303;EHV Bus 473;LineType_2;16.938;100;EHV1;1
EHV Line 557;EHV Bus 331;EHV Bus 329;LineType_8;16.822;100;EHV1;1
EHV Line 558;EHV Bus 185;EHV Bus 173;LineType_2;16.77;100;EHV1;1
EHV Line 559;EHV Bus 147;EHV Bus 145;LineType_2;16.664;100;EHV1;1
EHV Line 560;EHV Bus 1621;EHV Bus 1531;LineType_5;16.656;100;EHV1;1
EHV Line 561;EHV Bus 271;EHV Bus 263;LineType_2;16.623;100;EHV1;1
EHV Line 562;EHV Bus 219;EHV Bus 1420;LineType_2;16.534;100;EHV1;1
EHV Line 563;EHV Bus 163;EHV Bus 1418;LineType_2;16.271;100;EHV1;1
EHV Line 564;EHV Bus 1573;EHV Bus 1545;LineType_1;16.16;100;EHV1;1
EHV Line 565;EHV Bus 1439;EHV Bus 1775;LineType_1;16.058;100;EHV1;1
EHV Line 566;EHV Bus 163;EHV Bus 1416;LineType_2;16.056;100;EHV1;1
EHV Line 567;EHV Bus 357;EHV Bus 359;LineType_4;16.002;100;EHV1;1
EHV Line 568;EHV Bus 1691;EHV Bus 1693;LineType_1;15.957;100;EHV1;1
EHV Line 569;EHV Bus 1737;EHV Bus 1557;LineType_1;15.779;100;EHV1;1
EHV Line 570;EHV Bus 487;EHV Bus 401;LineType_4;15.729;100;EHV1;1
EHV Line 571;EHV Bus 227;EHV Bus 231;LineType_2;15.589;100;EHV1;1
EHV Line 572;EHV Bus 1721;EHV Bus 1723;LineType_1;15.321;100;EHV1;1
EHV Line 573;EHV Bus 357;EHV Bus 359;LineType_4;15.169;100;EHV1;1
EHV Line 574;EHV Bus 1847;EHV Bus 1899;LineType_1;15.077;100;EHV1;1
EHV Line 575;EHV Bus 255;EHV Bus 257;LineType_2;15.06;100;EHV1;1
EHV Line 576;EHV Bus 255;EHV Bus 257;LineType_2;15.054;100;EHV1;1
EHV Line 577;EHV Bus 77;EHV Bus 87;LineType_3;14.988;100;EHV1;1
EHV Line 578;EHV Bus 159;EHV Bus 1421;LineType_2;14.88;100;EHV1;1
EHV Line 579;EHV Bus 217;EHV Bus 147;LineType_2;14.745;100;EHV1;1
EHV Line 580;EHV Bus 1441;EHV Bus 1779;LineType_7;14.731;100;EHV1;1
EHV Line 581;EHV Bus 155;EHV Bus 153;LineType_2;14.69;100;EHV1;1
EHV Line 582;EHV Bus 159;EHV Bus 1422;LineType_2;14.64;100;EHV1;1
EHV Line 583;EHV Bus 1643;EHV Bus 1645;LineType_7;14.091;100;EHV1;1
EHV Line 584;EHV Bus 1657;EHV Bus 1647;LineType_1;13.874;100;EHV1;1
EHV Line 585;EHV Bus 1503;EHV Bus 1495;LineType_5;13.839;100;EHV1;1
EHV Line 586;EHV Bus 465;EHV Bus 1420;LineType_2;13.641;100;EHV1;1
EHV Line 587;EHV Bus 1517;EHV Bus 1673;LineType_1;13.611;100;EHV1;1
EHV Line 588;EHV Bus 1517;EHV Bus 1673;LineType_1;13.609;100;EHV1;1
EHV Line 589;EHV Bus 467;EHV Bus 1422;LineType_2;13.583;100;EHV1;1
EHV Line 590;EHV Bus 1555;EHV Bus 1601;LineType_5;13.422;100;EHV1;1
EHV Line 591;EHV Bus 413;EHV Bus 415;LineType_4;13.396;100;EHV1;1
EHV Line 592;EHV Bus 1689;EHV Bus 3082;LineType_7;13.345;100;EHV1;1
EHV Line 593;EHV Bus 215;EHV Bus 1422;LineType_2;13.226;100;EHV1;1
EHV Line 594;EHV Bus 259;EHV Bus 1415;LineType_2;13.173;100;EHV1;1
EHV Line 595;EHV Bus 1517;EHV Bus 1673;LineType_1;13.169;100;EHV1;1
EHV Line 596;EHV Bus 1517;EHV Bus 1673;LineType_1;13.162;100;EHV1;1
EHV Line 597;EHV Bus 177;EHV Bus 211;LineType_2;13.159;100;EHV1;1
EHV Line 598;EHV Bus 1769;EHV Bus 1535;LineType_7;13.109;100;EHV1;1
EHV Line 599;EHV Bus 193;EHV Bus 169;LineType_3;12.909;100;EHV1;1
EHV Line 600;EHV Bus 1579;EHV Bus 1551;LineType_1;12.828;100;EHV1;1
EHV Line 601;EHV Bus 1675;EHV Bus 1725;LineType_2;12.779;100;EHV1;1
EHV Line 602;EHV Bus 1675;EHV Bus 1725;LineType_2;12.779;100;EHV1;1
EHV Line 603;EHV Bus 1575;EHV Bus 1577;LineType_1;12.651;100;EHV1;1
EHV Line 604;EHV Bus 149;EHV Bus 231;LineType_2;12.542;100;EHV1;1
EHV Line 605;EHV Bus 1685;EHV Bus 1693;LineType_2;12.514;100;EHV1;1
EHV Line 606;EHV Bus 1685;EHV Bus 1693;LineType_2;12.514;100;EHV1;1
EHV Line 607;EHV Bus 215;EHV Bus 1421;LineType_2;12.437;100;EHV1;1
EHV Line 608;EHV Bus 1895;EHV Bus 3068;LineType_7;12.339;100;EHV1;1
EHV Line 609;EHV Bus 1895;EHV Bus 3068;LineType_7;12.339;100;EHV1;1
EHV Line 610;EHV Bus 1701;EHV Bus 1901;LineType_1;12.245;100;EHV1;1
EHV Line 611;EHV Bus 1591;EHV Bus 3077;LineType_1;12.144;100;EHV1;1
EHV Line 612;EHV Bus 1577;EHV Bus 3072;LineType_1;12.095;100;EHV1;1
EHV Line 613;EHV Bus 1679;EHV Bus 1877;LineType_1;12.014;100;EHV1;1
EHV Line 614;EHV Bus 1573;EHV Bus 1527;LineType_1;11.836;100;EHV1;1
EHV Line 615;EHV Bus 1569;EHV Bus 1559;LineType_1;11.755;100;EHV1;1
EHV Line 616;EHV Bus 1579;EHV Bus 3071;LineType_1;11.607;100;EHV1;1
EHV Line 617;EHV Bus 365;EHV Bus 501;LineType_7;11.569;100;EHV1;1
EHV Line 618;EHV Bus 1473;EHV Bus 1469;LineType_2;11.535;100;EHV1;1
EHV Line 619;EHV Bus 1473;EHV Bus 1469;LineType_2;11.535;100;EHV1;1
EHV Line 620;EHV Bus 165;EHV Bus 1417;LineType_2;11.488;100;EHV1;1
EHV Line 621;EHV Bus 1597;EHV Bus 1591;LineType_7;11.404;100;EHV1;1
EHV Line 622;EHV Bus 1597;EHV Bus 1591;LineType_7;11.404;100;EHV1;1
EHV Line 623;EHV Bus 1881;EHV Bus 1879;LineType_2;11.103;100;EHV1;1
EHV Line 624;EHV Bus 1881;EHV Bus 1879;LineType_2;11.103;100;EHV1;1
EHV Line 625;EHV Bus 487;EHV Bus 439;LineType_4;10.981;100;EHV1;1
EHV Line 626;EHV Bus 1593;EHV Bus 1553;LineType_1;10.959;100;EHV1;1
EHV Line 627;EHV Bus 1547;EHV Bus 3078;LineType_7;10.852;100;EHV1;1
EHV Line 628;EHV Bus 1897;EHV Bus 1899;LineType_1;10.843;100;EHV1;1
EHV Line 629;EHV Bus 1439;EHV Bus 1773;LineType_7;10.724;100;EHV1;1
EHV Line 630;EHV Bus 1559;EHV Bus 1561;LineType_2;10.621;100;EHV1;1
EHV Line 631;EHV Bus 1575;EHV Bus 3071;LineType_1;10.577;100;EHV1;1
EHV Line 632;EHV Bus 1535;EHV Bus 1765;LineType_1;10.454;100;EHV1;1
EHV Line 633;EHV Bus 1837;EHV Bus 1835;LineType_1;10.359;100;EHV1;1
EHV Line 634;EHV Bus 163;EHV Bus 245;LineType_2;10.356;100;EHV1;1
EHV Line 635;EHV Bus 1545;EHV Bus 1623;LineType_1;10.355;100;EHV1;1
EHV Line 636;EHV Bus 1545;EHV Bus 1623;LineType_1;10.343;100;EHV1;1
EHV Line 637;EHV Bus 33;EHV Bus 31;LineType_2;10.279;100;EHV1;1
EHV Line 638;EHV Bus 33;EHV Bus 31;LineType_1;10.257;100;EHV1;1
EHV Line 639;EHV Bus 163;EHV Bus 213;LineType_2;10.048;100;EHV1;1
EHV Line 640;EHV Bus 163;EHV Bus 213;LineType_2;10.022;100;EHV1;1
EHV Line 641;EHV Bus 1897;EHV Bus 1899;LineType_1;9.954;100;EHV1;1
EHV Line 642;EHV Bus 1659;EHV Bus 3074;LineType_7;9.882;100;EHV1;1
EHV Line 643;EHV Bus 1563;EHV Bus 1597;LineType_7;9.876;100;EHV1;1
EHV Line 644;EHV Bus 1563;EHV Bus 1597;LineType_7;9.876;100;EHV1;1
EHV Line 645;EHV Bus 1907;EHV Bus 1501;LineType_1;9.62;100;EHV1;1
EHV Line 646;EHV Bus 1467;EHV Bus 3068;LineType_7;9.59;100;EHV1;1
EHV Line 647;EHV Bus 1467;EHV Bus 3068;LineType_7;9.59;100;EHV1;1
EHV Line 648;EHV Bus 227;EHV Bus 229;LineType_2;9.562;100;EHV1;1
EHV Line 649;EHV Bus 1889;EHV Bus 1725;LineType_1;9.517;100;EHV1;1
EHV Line 650;EHV Bus 1847;EHV Bus 1695;LineType_2;9.389;100;EHV1;1
EHV Line 651;EHV Bus 1847;EHV Bus 1695;LineType_2;9.389;100;EHV1;1
EHV Line 652;EHV Bus 5;EHV Bus 319;LineType_2;9.379;100;EHV1;1
EHV Line 653;EHV Bus 5;EHV Bus 319;LineType_2;9.379;100;EHV1;1
EHV Line 654;EHV Bus 1643;EHV Bus 3078;LineType_7;9.236;100;EHV1;1
EHV Line 655;EHV Bus 1847;EHV Bus 1695;LineType_2;9.171;100;EHV1;1
EHV Line 656;EHV Bus 1847;EHV Bus 1695;LineType_2;9.171;100;EHV1;1
EHV Line 657;EHV Bus 1489;EHV Bus 1493;LineType_1;9.161;100;EHV1;1
EHV Line 658;EHV Bus 1529;EHV Bus 1565;LineType_1;9.1;100;EHV1;1
EHV Line 659;EHV Bus 1493;EHV Bus 3066;LineType_1;9.088;100;EHV1;1
EHV Line 660;EHV Bus 1545;EHV Bus 1619;LineType_1;8.912;100;EHV1;1
EHV Line 661;EHV Bus 157;EHV Bus 1416;LineType_2;8.886;100;EHV1;1
EHV Line 662;EHV Bus 1591;EHV Bus 1619;LineType_7;8.84;100;EHV1;1
EHV Line 663;EHV Bus 1645;EHV Bus 1531;LineType_1;8.792;100;EHV1;1
EHV Line 664;EHV Bus 1565;EHV Bus 1629;LineType_1;8.599;100;EHV1;1
EHV Line 665;EHV Bus 1589;EHV Bus 3077;LineType_1;8.58;100;EHV1;1
EHV Line 666;EHV Bus 1647;EHV Bus 1651;LineType_1;8.487;100;EHV1;1
EHV Line 667;EHV Bus 1777;EHV Bus 3083;LineType_1;8.468;100;EHV1;1
EHV Line 668;EHV Bus 157;EHV Bus 1418;LineType_2;8.293;100;EHV1;1
EHV Line 669;EHV Bus 33;EHV Bus 35;LineType_1;8.184;100;EHV1;1
EHV Line 670;EHV Bus 33;EHV Bus 35;LineType_1;8.184;100;EHV1;1
EHV Line 671;EHV Bus 381;EHV Bus 317;LineType_9;8.084;100;EHV1;1
EHV Line 672;EHV Bus 381;EHV Bus 317;LineType_9;8.084;100;EHV1;1
EHV Line 673;EHV Bus 51;EHV Bus 383;LineType_2;7.816;100;EHV1;1
EHV Line 674;EHV Bus 51;EHV Bus 383;LineType_1;7.816;100;EHV1;1
EHV Line 675;EHV Bus 1575;EHV Bus 3074;LineType_7;7.667;100;EHV1;1
EHV Line 676;EHV Bus 1575;EHV Bus 3074;LineType_7;7.658;100;EHV1;1
EHV Line 677;EHV Bus 493;EHV Bus 1430;LineType_2;7.642;100;EHV1;1
EHV Line 678;EHV Bus 493;EHV Bus 1430;LineType_2;7.63;100;EHV1;1
EHV Line 679;EHV Bus 75;EHV Bus 1426;LineType_7;7.601;100;EHV1;1
EHV Line 680;EHV Bus 1657;EHV Bus 1653;LineType_1;7.166;100;EHV1;1
EHV Line 681;EHV Bus 1469;EHV Bus 1911;LineType_1;7.034;100;EHV1;1
EHV Line 682;EHV Bus 1579;EHV Bus 3073;LineType_1;6.851;100;EHV1;1
EHV Line 683;EHV Bus 1647;EHV Bus 1623;LineType_1;6.77;100;EHV1;1
EHV Line 684;EHV Bus 1439;EHV Bus 1777;LineType_1;6.658;100;EHV1;1
EHV Line 685;EHV Bus 1647;EHV Bus 1653;LineType_1;6.648;100;EHV1;1
EHV Line 686;EHV Bus 387;EHV Bus 65;LineType_1;6.545;100;EHV1;1
EHV Line 687;EHV Bus 387;EHV Bus 65;LineType_1;6.545;100;EHV1;1
EHV Line 688;EHV Bus 1555;EHV Bus 3076;LineType_1;6.533;100;EHV1;1
EHV Line 689;EHV Bus 1647;EHV Bus 1623;LineType_1;6.526;100;EHV1;1
EHV Line 690;EHV Bus 1555;EHV Bus 3079;LineType_1;6.495;100;EHV1;1
EHV Line 691;EHV Bus 247;EHV Bus 409;LineType_2;5.849;100;EHV1;1
EHV Line 692;EHV Bus 1477;EHV Bus 1479;LineType_1;5.847;100;EHV1;1
EHV Line 693;EHV Bus 1477;EHV Bus 1479;LineType_1;5.846;100;EHV1;1
EHV Line 694;EHV Bus 1529;EHV Bus 1531;LineType_1;5.752;100;EHV1;1
EHV Line 695;EHV Bus 1531;EHV Bus 1627;LineType_1;5.644;100;EHV1;1
EHV Line 696;EHV Bus 1947;EHV Bus 3078;LineType_7;5.443;100;EHV1;1
EHV Line 697;EHV Bus 1451;EHV Bus 1453;LineType_2;5.431;100;EHV1;1
EHV Line 698;EHV Bus 1451;EHV Bus 1453;LineType_2;5.431;100;EHV1;1
EHV Line 699;EHV Bus 1549;EHV Bus 3073;LineType_1;5.296;100;EHV1;1
EHV Line 700;EHV Bus 1953;EHV Bus 3082;LineType_7;5.246;100;EHV1;1
EHV Line 701;EHV Bus 1953;EHV Bus 3082;LineType_7;5.246;100;EHV1;1
EHV Line 702;EHV Bus 1749;EHV Bus 1961;LineType_1;5.235;100;EHV1;1
EHV Line 703;EHV Bus 1869;EHV Bus 1871;LineType_1;5.193;100;EHV1;1
EHV Line 704;EHV Bus 63;EHV Bus 65;LineType_1;5.18;100;EHV1;1
EHV Line 705;EHV Bus 63;EHV Bus 65;LineType_1;5.18;100;EHV1;1
EHV Line 706;EHV Bus 1647;EHV Bus 1655;LineType_1;5.029;100;EHV1;1
EHV Line 707;EHV Bus 383;EHV Bus 385;LineType_9;5.004;100;EHV1;1
EHV Line 708;EHV Bus 383;EHV Bus 385;LineType_9;5.004;100;EHV1;1
EHV Line 709;EHV Bus 1581;EHV Bus 1563;LineType_1;4.849;100;EHV1;1
EHV Line 710;EHV Bus 1611;EHV Bus 1569;LineType_1;4.814;100;EHV1;1
EHV Line 711;EHV Bus 1611;EHV Bus 1569;LineType_1;4.814;100;EHV1;1
EHV Line 712;EHV Bus 489;EHV Bus 1429;LineType_4;4.739;100;EHV1;1
EHV Line 713;EHV Bus 489;EHV Bus 1429;LineType_4;4.718;100;EHV1;1
EHV Line 714;EHV Bus 1469;EHV Bus 1909;LineType_1;4.546;100;EHV1;1
EHV Line 715;EHV Bus 279;EHV Bus 281;LineType_2;4.449;100;EHV1;1
EHV Line 716;EHV Bus 173;EHV Bus 205;LineType_2;4.315;100;EHV1;1
EHV Line 717;EHV Bus 173;EHV Bus 205;LineType_2;4.315;100;EHV1;1
EHV Line 718;EHV Bus 173;EHV Bus 205;LineType_2;4.315;100;EHV1;1
EHV Line 719;EHV Bus 387;EHV Bus 385;LineType_1;4.167;100;EHV1;1
EHV Line 720;EHV Bus 387;EHV Bus 385;LineType_1;4.167;100;EHV1;1
EHV Line 721;EHV Bus 197;EHV Bus 1423;LineType_2;4.091;100;EHV1;1
EHV Line 722;EHV Bus 455;EHV Bus 1414;LineType_2;3.833;100;EHV1;1
EHV Line 723;EHV Bus 451;EHV Bus 1413;LineType_2;3.765;100;EHV1;1
EHV Line 724;EHV Bus 1775;EHV Bus 1923;LineType_2;3.638;100;EHV1;1
EHV Line 725;EHV Bus 1775;EHV Bus 1923;LineType_2;3.638;100;EHV1;1
EHV Line 726;EHV Bus 1563;EHV Bus 1851;LineType_2;3.618;100;EHV1;1
EHV Line 727;EHV Bus 1563;EHV Bus 1851;LineType_2;3.618;100;EHV1;1
EHV Line 728;EHV Bus 1667;EHV Bus 1861;LineType_1;3.524;100;EHV1;1
EHV Line 729;EHV Bus 1629;EHV Bus 3075;LineType_7;3.463;100;EHV1;1
EHV Line 730;EHV Bus 1545;EHV Bus 1617;LineType_1;3.433;100;EHV1;1
EHV Line 731;EHV Bus 1545;EHV Bus 1617;LineType_1;3.428;100;EHV1;1
EHV Line 732;EHV Bus 1459;EHV Bus 1463;LineType_1;3.314;100;EHV1;1
EHV Line 733;EHV Bus 1553;EHV Bus 1735;LineType_1;3.268;100;EHV1;1
EHV Line 734;EHV Bus 1919;EHV Bus 1501;LineType_2;3.194;100;EHV1;1
EHV Line 735;EHV Bus 1919;EHV Bus 1501;LineType_2;3.194;100;EHV1;1
EHV Line 736;EHV Bus 1911;EHV Bus 1909;LineType_1;3.108;100;EHV1;1
EHV Line 737;EHV Bus 1943;EHV Bus 3079;LineType_1;3.031;100;EHV1;1
EHV Line 738;EHV Bus 1943;EHV Bus 3076;LineType_1;3.015;100;EHV1;1
EHV Line 739;EHV Bus 417;EHV Bus 333;LineType_2;2.959;100;EHV1;1
EHV Line 740;EHV Bus 1553;EHV Bus 1735;LineType_1;2.955;100;EHV1;1
EHV Line 741;EHV Bus 1921;EHV Bus 1495;LineType_2;2.852;100;EHV1;1
EHV Line 742;EHV Bus 1921;EHV Bus 1495;LineType_2;2.852;100;EHV1;1
EHV Line 743;EHV Bus 1661;EHV Bus 1651;LineType_1;2.835;100;EHV1;1
EHV Line 744;EHV Bus 1661;EHV Bus 1651;LineType_1;2.835;100;EHV1;1
EHV Line 745;EHV Bus 417;EHV Bus 333;LineType_1;2.736;100;EHV1;1
EHV Line 746;EHV Bus 1503;EHV Bus 1863;LineType_1;2.682;100;EHV1;1
EHV Line 747;EHV Bus 1479;EHV Bus 1481;LineType_1;2.651;100;EHV1;1
EHV Line 748;EHV Bus 1479;EHV Bus 1481;LineType_1;2.642;100;EHV1;1
EHV Line 749;EHV Bus 1835;EHV Bus 1833;LineType_1;2.551;100;EHV1;1
EHV Line 750;EHV Bus 1835;EHV Bus 1833;LineType_2;2.551;100;EHV1;1
EHV Line 751;EHV Bus 1775;EHV Bus 1925;LineType_2;2.421;100;EHV1;1
EHV Line 752;EHV Bus 1775;EHV Bus 1925;LineType_2;2.421;100;EHV1;1
EHV Line 753;EHV Bus 417;EHV Bus 333;LineType_7;2.266;100;EHV1;1
EHV Line 754;EHV Bus 443;EHV Bus 1426;LineType_7;2.206;100;EHV1;1
EHV Line 755;EHV Bus 431;EHV Bus 265;LineType_1;2.192;100;EHV1;1
EHV Line 756;EHV Bus 159;EHV Bus 239;LineType_2;2.168;100;EHV1;1
EHV Line 757;EHV Bus 159;EHV Bus 239;LineType_2;2.164;100;EHV1;1
EHV Line 758;EHV Bus 1615;EHV Bus 1849;LineType_2;1.864;100;EHV1;1
EHV Line 759;EHV Bus 1615;EHV Bus 1849;LineType_2;1.864;100;EHV1;1
EHV Line 760;EHV Bus 1941;EHV Bus 3074;LineType_7;1.719;100;EHV1;1
EHV Line 761;EHV Bus 1941;EHV Bus 3074;LineType_7;1.719;100;EHV1;1
EHV Line 762;EHV Bus 1679;EHV Bus 1891;LineType_2;1.688;100;EHV1;1
EHV Line 763;EHV Bus 1679;EHV Bus 1891;LineType_2;1.688;100;EHV1;1
EHV Line 764;EHV Bus 1939;EHV Bus 3073;LineType_1;1.686;100;EHV1;1
EHV Line 765;EHV Bus 1;EHV Bus 1424;LineType_2;1.614;100;EHV1;1
EHV Line 766;EHV Bus 1739;EHV Bus 1741;LineType_1;1.563;100;EHV1;1
EHV Line 767;EHV Bus 1775;EHV Bus 3083;LineType_1;1.433;100;EHV1;1
EHV Line 768;EHV Bus 159;EHV Bus 285;LineType_2;1.378;100;EHV1;1
EHV Line 769;EHV Bus 1525;EHV Bus 1537;LineType_1;1.321;100;EHV1;1
EHV Line 770;EHV Bus 1719;EHV Bus 1853;LineType_2;1.3;100;EHV1;1
EHV Line 771;EHV Bus 1719;EHV Bus 1853;LineType_2;1.3;100;EHV1;1
EHV Line 772;EHV Bus 1437;EHV Bus 1435;LineType_1;1.268;100;EHV1;1
EHV Line 773;EHV Bus 1437;EHV Bus 1435;LineType_1;1.268;100;EHV1;1
EHV Line 774;EHV Bus 1951;EHV Bus 3081;LineType_7;1.188;100;EHV1;1
EHV Line 775;EHV Bus 159;EHV Bus 1423;LineType_2;1.128;100;EHV1;1
EHV Line 776;EHV Bus 1719;EHV Bus 1857;LineType_1;1.123;100;EHV1;1
EHV Line 777;EHV Bus 1719;EHV Bus 1857;LineType_1;1.11;100;EHV1;1
EHV Line 778;EHV Bus 1437;EHV Bus 1435;LineType_2;1.106;100;EHV1;1
EHV Line 779;EHV Bus 119;EHV Bus 125;LineType_2;1.07;100;EHV1;1
EHV Line 780;EHV Bus 341;EHV Bus 349;LineType_10;1.018;100;EHV1;1
EHV Line 781;EHV Bus 341;EHV Bus 349;LineType_10;1.018;100;EHV1;1
EHV Line 782;EHV Bus 1485;EHV Bus 1649;LineType_1;0.933;100;EHV1;1
EHV Line 783;EHV Bus 1485;EHV Bus 1649;LineType_1;0.928;100;EHV1;1
EHV Line 784;EHV Bus 1437;EHV Bus 1435;LineType_2;0.903;100;EHV1;1
EHV Line 785;EHV Bus 1703;EHV Bus 1897;LineType_1;0.878;100;EHV1;1
EHV Line 786;EHV Bus 1929;EHV Bus 3065;LineType_1;0.806;100;EHV1;1
EHV Line 787;EHV Bus 1929;EHV Bus 3065;LineType_1;0.806;100;EHV1;1
EHV Line 788;EHV Bus 71;EHV Bus 449;LineType_2;0.802;100;EHV1;1
EHV Line 789;EHV Bus 1949;EHV Bus 3080;LineType_1;0.797;100;EHV1;1
EHV Line 790;EHV Bus 1959;EHV Bus 3085;LineType_5;0.77;100;EHV1;1
EHV Line 791;EHV Bus 1959;EHV Bus 3085;LineType_5;0.77;100;EHV1;1
EHV Line 792;EHV Bus 1579;EHV Bus 1887;LineType_1;0.647;100;EHV1;1
EHV Line 793;EHV Bus 1477;EHV Bus 1751;LineType_7;0.627;100;EHV1;1
EHV Line 794;EHV Bus 1719;EHV Bus 1855;LineType_1;0.484;100;EHV1;1
EHV Line 795;EHV Bus 1719;EHV Bus 1855;LineType_1;0.481;100;EHV1;1
EHV Line 796;EHV Bus 459;EHV Bus 1418;LineType_2;0.455;100;EHV1;1
EHV Line 797;EHV Bus 179;EHV Bus 463;LineType_2;0.376;100;EHV1;1
EHV Line 798;EHV Bus 461;EHV Bus 1419;LineType_2;0.344;100;EHV1;1
EHV Line 799;EHV Bus 461;EHV Bus 1419;LineType_2;0.341;100;EHV1;1
EHV Line 800;EHV Bus 1931;EHV Bus 3067;LineType_5;0.304;100;EHV1;1
EHV Line 801;EHV Bus 471;EHV Bus 1427;LineType_7;0.261;100;EHV1;1
EHV Line 802;EHV Bus 327;EHV Bus 329;LineType_2;0.254;100;EHV1;1
EHV Line 803;EHV Bus 425;EHV Bus 1428;LineType_7;0.246;100;EHV1;1
EHV Line 804;EHV Bus 285;EHV Bus 1423;LineType_2;0.244;100;EHV1;1
EHV Line 805;EHV Bus 189;EHV Bus 463;LineType_2;0.226;100;EHV1;1
EHV Line 806;EHV Bus 1507;EHV Bus 1607;LineType_6;0.207;100;EHV1;1
EHV Line 807;EHV Bus 1933;EHV Bus 3070;LineType_1;0.199;100;EHV1;1
EHV Line 808;EHV Bus 1507;EHV Bus 1607;LineType_6;0.177;100;EHV1;1
EHV Line 809;EHV Bus 269;EHV Bus 263;LineType_7;0.161;100;EHV1;1
EHV Line 810;EHV Bus 1605;EHV Bus 1609;LineType_1;0.143;100;EHV1;1
EHV Line 811;EHV Bus 1935;EHV Bus 3072;LineType_1;0.14;100;EHV1;1
EHV Line 812;EHV Bus 153;EHV Bus 1417;LineType_2;0.129;100;EHV1;1
EHV Line 813;EHV Bus 1957;EHV Bus 3084;LineType_1;0.117;100;EHV1;1
EHV Line 814;EHV Bus 1605;EHV Bus 1609;LineType_1;0.113;100;EHV1;1
EHV Line 815;EHV Bus 1945;EHV Bus 3077;LineType_1;0.1;100;EHV1;1
EHV Line 816;EHV Bus 469;EHV Bus 1425;LineType_2;0.088;100;EHV1;1
EHV Line 817;EHV Bus 1489;EHV Bus 3066;LineType_1;0.08;100;EHV1;1
EHV Line 818;EHV Bus 457;EHV Bus 1415;LineType_2;0.06;100;EHV1;1
EHV Line 819;EHV Bus 1966;EHV Bus 1509;LineType_2;38.653;100;EHV1;1
EHV Line 820;EHV Bus 1968;EHV Bus 1553;LineType_2;21.323;100;EHV1;1
EHV Line 821;EHV Bus 1967;EHV Bus 1551;LineType_2;17.736;100;EHV1;1
EHV Line 822;EHV Bus 1967;EHV Bus 1579;LineType_2;15.151;100;EHV1;1
EHV Line 823;EHV Bus 1967;EHV Bus 1551;LineType_2;17.736;100;EHV1;1
EHV Line 824;EHV Bus 1968;EHV Bus 1593;LineType_2;11.477;100;EHV1;1
EHV Line 825;EHV Bus 1968;EHV Bus 1559;LineType_2;5.73;100;EHV1;1
EHV Line 826;EHV Bus 1659;EHV Bus 1969;LineType_2;2.349;100;EHV1;1
EHV Line 827;EHV Bus 1966;EHV Bus 1609;LineType_2;35.15;100;EHV1;1
EHV Line 828;EHV Bus 1965;EHV Bus 1759;LineType_2;27.915;100;EHV1;1
EHV Line 829;EHV Bus 1965;EHV Bus 1759;LineType_2;27.915;100;EHV1;1
EHV Line 830;EHV Bus 39;EHV Bus 33;LineType_2;57.641;100;EHV1;1
EHV Line 831;EHV Bus 59;EHV Bus 57;LineType_1;134.922;100;EHV1;1
EHV Line 832;EHV Bus 39;EHV Bus 511;LineType_1;90.79;100;EHV1;1
EHV Line 833;EHV Bus 511;EHV Bus 87;LineType_1;37.346;100;EHV1;1
EHV Line 834;EHV Bus 107;EHV Bus 69;LineType_1;41.955;100;EHV1;1
EHV Line 835;EHV Bus 107;EHV Bus 69;LineType_1;41.955;100;EHV1;1
EHV Line 836;EHV Bus 3;EHV Bus 129;LineType_1;79.06;100;EHV1;1
EHV Line 837;EHV Bus 514;EHV Bus 245;LineType_2;5.866;100;EHV1;1
EHV Line 838;EHV Bus 512;EHV Bus 313;LineType_1;13.388;100;EHV1;1
EHV Line 839;EHV Bus 69;EHV Bus 313;LineType_1;72.644;100;EHV1;1
EHV Line 840;EHV Bus 511;EHV Bus 407;LineType_1;58.735;100;EHV1;1
EHV Line 841;EHV Bus 419;EHV Bus 371;LineType_1;102.607;100;EHV1;1
EHV Line 842;EHV Bus 433;EHV Bus 313;LineType_1;50.615;100;EHV1;1
EHV Line 843;EHV Bus 297;EHV Bus 313;LineType_1;37.921;100;EHV1;1
EHV Line 844;EHV Bus 267;EHV Bus 1431;LineType_1;67.448;100;EHV1;1
EHV Line 845;EHV Bus 235;EHV Bus 1431;LineType_1;55.454;100;EHV1;1
EHV Line 846;EHV Bus 513;EHV Bus 1431;LineType_1;16.231;100;EHV1;1
EHV Line 847;EHV Bus 299;EHV Bus 1432;LineType_1;1.008;100;EHV1;1
EHV Line 848;EHV Bus 369;EHV Bus 1432;LineType_1;17.345;100;EHV1;1
EHV Line 849;EHV Bus 435;EHV Bus 1432;LineType_1;64.968;100;EHV1;1
HV1 Line 1;HV1 Bus 29;HV1 Bus 71;Al/St_265/35;24.5811;100;HV1;3
HV1 Line 2;HV1 Bus 21;HV1 Bus 47;Al/St_265/35;6.36457;100;HV1;3
HV1 Line 3;HV1 Bus 19;HV1 Bus 49;Al/St_265/35;7.77248;100;HV1;3
HV1 Line 4;HV1 Bus 67;HV1 Bus 49;Al/St_265/35;5.34472;100;HV1;3
HV1 Line 5;HV1 Bus 117;HV1 Bus 53;Al/St_265/35;10.8813;100;HV1;3
HV1 Line 6;HV1 Bus 89;HV1 Bus 53;Al/St_265/35;1.08819;100;HV1;3
HV1 Line 7;HV1 Bus 55;HV1 Bus 101;Al/St_265/35;14.7893;100;HV1;3
HV1 Line 8;HV1 Bus 57;HV1 Bus 99;Al/St_265/35;1.8641;100;HV1;3
HV1 Line 9;HV1 Bus 117;HV1 Bus 57;Al/St_265/35;9.07536;100;HV1;3
HV1 Line 10;HV1 Bus 23;HV1 Bus 45;Al/St_265/35;17.2207;100;HV1;3
HV1 Line 11;HV1 Bus 59;HV1 Bus 61;Al/St_265/35;43.8105;100;HV1;3
HV1 Line 12;HV1 Bus 5;HV1 Bus 97;Al/St_265/35;2.59512;100;HV1;3
HV1 Line 13;HV1 Bus 7;HV1 Bus 103;Al/St_265/35;0.656716;100;HV1;3
HV1 Line 14;HV1 Bus 15;HV1 Bus 63;Al/St_265/35;34.2571;100;HV1;3
HV1 Line 15;HV1 Bus 121;HV1 Bus 65;Al/St_265/35;10.0519;100;HV1;3
HV1 Line 16;HV1 Bus 7;HV1 Bus 69;Al/St_265/35;2.73918;100;HV1;3
HV1 Line 17;HV1 Bus 17;HV1 Bus 71;Al/St_265/35;4.18809;100;HV1;3
HV1 Line 18;HV1 Bus 3;HV1 Bus 73;Al/St_265/35;4.96221;100;HV1;3
HV1 Line 19;HV1 Bus 73;HV1 Bus 81;Al/St_265/35;5.08628;100;HV1;3
HV1 Line 20;HV1 Bus 105;HV1 Bus 109;Al/St_265/35;2.99483;100;HV1;3
HV1 Line 21;HV1 Bus 5;HV1 Bus 75;Al/St_265/35;8.01102;100;HV1;3
HV1 Line 22;HV1 Bus 77;HV1 Bus 97;Al/St_265/35;1.50004;100;HV1;3
HV1 Line 23;HV1 Bus 77;HV1 Bus 107;Al/St_265/35;1.13124;100;HV1;3
HV1 Line 24;HV1 Bus 13;HV1 Bus 77;Al/St_265/35;3.07709;100;HV1;3
HV1 Line 25;HV1 Bus 9;HV1 Bus 73;Al/St_265/35;5.00724;100;HV1;3
HV1 Line 26;HV1 Bus 69;HV1 Bus 79;Al/St_265/35;13.1376;100;HV1;3
HV1 Line 27;HV1 Bus 11;HV1 Bus 81;Al/St_265/35;3.08204;100;HV1;3
HV1 Line 28;HV1 Bus 81;HV1 Bus 109;Al/St_265/35;1.63155;100;HV1;3
HV1 Line 29;HV1 Bus 33;HV1 Bus 83;Al/St_265/35;9.82459;100;HV1;3
HV1 Line 30;HV1 Bus 5;HV1 Bus 71;Al/St_265/35;13.9609;100;HV1;3
HV1 Line 31;HV1 Bus 27;HV1 Bus 85;Al/St_265/35;13.4374;100;HV1;3
HV1 Line 32;HV1 Bus 87;HV1 Bus 91;Al/St_265/35;5.57915;100;HV1;3
HV1 Line 33;HV1 Bus 111;HV1 Bus 87;Al/St_265/35;1.98291;100;HV1;3
HV1 Line 34;HV1 Bus 101;HV1 Bus 115;Al/St_265/35;0.676789;100;HV1;3
HV1 Line 35;HV1 Bus 99;HV1 Bus 101;Al/St_265/35;14.1174;100;HV1;3
HV1 Line 36;HV1 Bus 27;HV1 Bus 91;Al/St_265/35;3.79651;100;HV1;3
HV1 Line 37;HV1 Bus 29;HV1 Bus 31;Al/St_265/35;19.6148;100;HV1;3
HV1 Line 38;HV1 Bus 15;HV1 Bus 83;Al/St_265/35;5.69557;100;HV1;3
HV1 Line 39;HV1 Bus 83;HV1 Bus 93;Al/St_265/35;10.956;100;HV1;3
HV1 Line 40;HV1 Bus 19;HV1 Bus 35;Al/St_265/35;19.5161;100;HV1;3
HV1 Line 41;HV1 Bus 39;HV1 Bus 95;Al/St_265/35;4.42332;100;HV1;3
HV1 Line 42;HV1 Bus 1;HV1 Bus 95;Al/St_265/35;19.6582;100;HV1;3
HV1 Line 43;HV1 Bus 63;HV1 Bus 95;Al/St_265/35;3.40327;100;HV1;3
HV1 Line 44;HV1 Bus 37;HV1 Bus 63;Al/St_265/35;11.9395;100;HV1;3
HV1 Line 45;HV1 Bus 25;HV1 Bus 75;1x630_RM/50;1.43885;100;HV1;3
HV1 Line 46;HV1 Bus 23;HV1 Bus 59;Al/St_265/35;0.536091;100;HV1;3
HV1 Line 47;HV1 Bus 5;HV1 Bus 61;Al/St_265/35;0.99882;100;HV1;3
HV1 Line 48;HV1 Bus 15;HV1 Bus 51;Al/St_265/35;22.7648;100;HV1;3
HV1 Line 49;HV1 Bus 7;HV1 Bus 9;Al/St_265/35;5.20198;100;HV1;3
HV1 Line 50;HV1 Bus 5;HV1 Bus 53;Al/St_265/35;20.8896;100;HV1;3
HV1 Line 51;HV1 Bus 41;HV1 Bus 43;Al/St_265/35;11.1399;100;HV1;3
HV1 Line 52;HV1 Bus 121;HV1 Bus 7;Al/St_265/35;7.46158;100;HV1;3
HV1 Line 53;HV1 Bus 119;HV1 Bus 15;Al/St_265/35;17.8374;100;HV1;3
HV1 Line 54;HV1 Bus 5;HV1 Bus 47;Al/St_265/35;18.8063;100;HV1;3
HV1 Line 55;HV1 Bus 7;HV1 Bus 31;Al/St_265/35;12.4805;100;HV1;3
HV1 Line 56;HV1 Bus 1;HV1 Bus 45;Al/St_265/35;33.0576;100;HV1;3
HV1 Line 57;HV1 Bus 111;HV1 Bus 55;Al/St_265/35;6.74034;100;HV1;3
HV1 Line 58;HV1 Bus 87;HV1 Bus 105;Al/St_265/35;29.3545;100;HV1;3
HV1 Line 59;HV1 Bus 91;HV1 Bus 113;Al/St_265/35;6.0995;100;HV1;3
HV1 Line 60;HV1 Bus 1;HV1 Bus 43;Al/St_265/35;9.82752;100;HV1;3
HV1 Line 61;HV1 Bus 47;HV1 Bus 49;Al/St_265/35;16.092;100;HV1;3
HV1 Line 62;HV1 Bus 5;HV1 Bus 61;Al/St_265/35;0.99882;100;HV1;3
HV1 Line 63;HV1 Bus 59;HV1 Bus 61;Al/St_265/35;43.8105;100;HV1;3
HV1 Line 64;HV1 Bus 23;HV1 Bus 59;Al/St_265/35;0.536091;100;HV1;3
HV1 Line 65;HV1 Bus 63;HV1 Bus 95;Al/St_265/35;3.40327;100;HV1;3
HV1 Line 66;HV1 Bus 15;HV1 Bus 63;Al/St_265/35;34.2571;100;HV1;3
HV1 Line 67;HV1 Bus 1;HV1 Bus 45;Al/St_265/35;33.0576;100;HV1;3
HV1 Line 68;HV1 Bus 23;HV1 Bus 45;Al/St_265/35;17.2207;100;HV1;3
HV1 Line 69;HV1 Bus 1;HV1 Bus 95;Al/St_265/35;19.6582;100;HV1;3
HV1 Line 70;HV1 Bus 5;HV1 Bus 71;Al/St_265/35;13.9609;100;HV1;3
HV1 Line 71;HV1 Bus 5;HV1 Bus 53;Al/St_265/35;20.8896;100;HV1;3
HV1 Line 72;HV1 Bus 117;HV1 Bus 53;Al/St_265/35;10.8813;100;HV1;3
HV1 Line 73;HV1 Bus 29;HV1 Bus 71;Al/St_265/35;24.5811;100;HV1;3
HV1 Line 74;HV1 Bus 117;HV1 Bus 57;Al/St_265/35;9.07536;100;HV1;3
HV1 Line 75;HV1 Bus 5;HV1 Bus 47;Al/St_265/35;18.8063;100;HV1;3
HV1 Line 76;HV1 Bus 29;HV1 Bus 31;Al/St_265/35;19.6148;100;HV1;3
HV1 Line 77;HV1 Bus 47;HV1 Bus 49;Al/St_265/35;16.092;100;HV1;3
HV1 Line 78;HV1 Bus 57;HV1 Bus 99;Al/St_265/35;1.8641;100;HV1;3
HV1 Line 79;HV1 Bus 99;HV1 Bus 101;Al/St_265/35;14.1174;100;HV1;3
HV1 Line 80;HV1 Bus 7;HV1 Bus 31;Al/St_265/35;12.4805;100;HV1;3
HV1 Line 81;HV1 Bus 15;HV1 Bus 83;Al/St_265/35;5.69557;100;HV1;3
HV1 Line 82;HV1 Bus 55;HV1 Bus 101;Al/St_265/35;14.7893;100;HV1;3
HV1 Line 83;HV1 Bus 111;HV1 Bus 87;Al/St_265/35;1.98291;100;HV1;3
HV1 Line 84;HV1 Bus 19;HV1 Bus 49;Al/St_265/35;7.77248;100;HV1;3
HV1 Line 85;HV1 Bus 111;HV1 Bus 55;Al/St_265/35;6.74034;100;HV1;3
HV1 Line 86;HV1 Bus 15;HV1 Bus 63;Al/St_265/35;34.2571;100;HV1;3
HV1 Line 87;HV1 Bus 63;HV1 Bus 95;Al/St_265/35;3.40327;100;HV1;3
HV1 Line 88;HV1 Bus 7;HV1 Bus 9;Al/St_265/35;5.20198;100;HV1;3
HV1 Line 89;HV1 Bus 63;HV1 Bus 95;Al/St_265/35;3.40327;100;HV1;3
HV1 Line 90;HV1 Bus 15;HV1 Bus 63;Al/St_265/35;34.2571;100;HV1;3
HV1 Line 91;HV1 Bus 9;HV1 Bus 73;Al/St_265/35;5.00724;100;HV1;3
HV1 Line 92;HV1 Bus 73;HV1 Bus 81;Al/St_265/35;5.08628;100;HV1;3
HV1 Line 93;HV1 Bus 81;HV1 Bus 109;Al/St_265/35;1.63155;100;HV1;3
HV1 Line 94;HV1 Bus 105;HV1 Bus 109;Al/St_265/35;2.99483;100;HV1;3
HV1 Line 95;HV1 Bus 33;HV1 Bus 83;Al/St_265/35;9.82459;100;HV1;3
HV2 Line 1;HV2 Bus 23;HV2 Bus 172;Al/St_265/35;4.68265;100;HV2;3
HV2 Line 2;HV2 Bus 108;HV2 Bus 339;Al/St_265/35;5.83961;100;HV2;3
HV2 Line 3;HV2 Bus 108;HV2 Bus 339;Al/St_265/35;5.83961;100;HV2;3
HV2 Line 4;HV2 Bus 7;HV2 Bus 290;1x630_RM/50;3.8609;100;HV2;3
HV2 Line 5;HV2 Bus 65;HV2 Bus 155;1x630_RM/50;2.77345;100;HV2;3
HV2 Line 6;HV2 Bus 246;HV2 Bus 7;1x630_RM/50;6.54289;100;HV2;3
HV2 Line 7;HV2 Bus 59;HV2 Bus 65;Al/St_265/35;3.19282;100;HV2;3
HV2 Line 8;HV2 Bus 155;HV2 Bus 161;Al/St_265/35;4.15763;100;HV2;3
HV2 Line 9;HV2 Bus 108;HV2 Bus 236;Al/St_265/35;3.42493;100;HV2;3
HV2 Line 10;HV2 Bus 175;HV2 Bus 236;Al/St_265/35;3.59804;100;HV2;3
HV2 Line 11;HV2 Bus 175;HV2 Bus 229;Al/St_265/35;2.27394;100;HV2;3
HV2 Line 12;HV2 Bus 141;HV2 Bus 161;1x630_RM/50;0.738438;100;HV2;3
HV2 Line 13;HV2 Bus 7;HV2 Bus 53;Al/St_265/35;1.04737;100;HV2;3
HV2 Line 14;HV2 Bus 27;HV2 Bus 229;Al/St_265/35;6.1614;100;HV2;3
HV2 Line 15;HV2 Bus 296;HV2 Bus 204;Al/St_265/35;5.73982;100;HV2;3
HV2 Line 16;HV2 Bus 27;HV2 Bus 206;Al/St_265/35;6.84041;100;HV2;3
HV2 Line 17;HV2 Bus 260;HV2 Bus 313;1x630_RM/50;0.579571;100;HV2;3
HV2 Line 18;HV2 Bus 75;HV2 Bus 182;Al/St_265/35;3.25998;100;HV2;3
HV2 Line 19;HV2 Bus 175;HV2 Bus 229;Al/St_265/35;2.27394;100;HV2;3
HV2 Line 20;HV2 Bus 27;HV2 Bus 206;Al/St_265/35;6.84041;100;HV2;3
HV2 Line 21;HV2 Bus 212;HV2 Bus 347;Al/St_265/35;10.4114;100;HV2;3
HV2 Line 22;HV2 Bus 61;HV2 Bus 212;Al/St_265/35;9.34081;100;HV2;3
HV2 Line 23;HV2 Bus 7;HV2 Bus 339;Al/St_265/35;2.75458;100;HV2;3
HV2 Line 24;HV2 Bus 349;HV2 Bus 216;Al/St_265/35;1.96078;100;HV2;3
HV2 Line 25;HV2 Bus 96;HV2 Bus 199;Al/St_265/35;2.32683;100;HV2;3
HV2 Line 26;HV2 Bus 182;HV2 Bus 322;Al/St_265/35;10.5956;100;HV2;3
HV2 Line 27;HV2 Bus 38;HV2 Bus 322;Al/St_265/35;3.79558;100;HV2;3
HV2 Line 28;HV2 Bus 38;HV2 Bus 108;Al/St_265/35;2.40611;100;HV2;3
HV2 Line 29;HV2 Bus 7;HV2 Bus 46;Al/St_265/35;1.97873;100;HV2;3
HV2 Line 30;HV2 Bus 204;HV2 Bus 280;Al/St_265/35;5.10642;100;HV2;3
HV2 Line 31;HV2 Bus 59;HV2 Bus 65;Al/St_265/35;3.19282;100;HV2;3
HV2 Line 32;HV2 Bus 152;HV2 Bus 236;Al/St_265/35;1.23497;100;HV2;3
HV2 Line 33;HV2 Bus 71;HV2 Bus 243;Al/St_265/35;51.636;100;HV2;3
HV2 Line 34;HV2 Bus 270;HV2 Bus 318;Al/St_265/35;1.84991;100;HV2;3
HV2 Line 35;HV2 Bus 192;HV2 Bus 221;Al/St_265/35;26.275;100;HV2;3
HV2 Line 36;HV2 Bus 229;HV2 Bus 354;Al/St_265/35;1.08382;100;HV2;3
HV2 Line 37;HV2 Bus 38;HV2 Bus 187;Al/St_265/35;1.9379;100;HV2;3
HV2 Line 38;HV2 Bus 71;HV2 Bus 221;Al/St_265/35;26.5745;100;HV2;3
HV2 Line 39;HV2 Bus 133;HV2 Bus 260;Al/St_265/35;2.01279;100;HV2;3
HV2 Line 40;HV2 Bus 187;HV2 Bus 265;Al/St_265/35;1.63063;100;HV2;3
HV2 Line 41;HV2 Bus 187;HV2 Bus 265;Al/St_265/35;1.50569;100;HV2;3
HV2 Line 42;HV2 Bus 33;HV2 Bus 265;Al/St_265/35;14.4851;100;HV2;3
HV2 Line 43;HV2 Bus 98;HV2 Bus 270;Al/St_265/35;5.18223;100;HV2;3
HV2 Line 44;HV2 Bus 195;HV2 Bus 182;Al/St_265/35;12.9066;100;HV2;3
HV2 Line 45;HV2 Bus 105;HV2 Bus 204;Al/St_265/35;0.756812;100;HV2;3
HV2 Line 46;HV2 Bus 175;HV2 Bus 236;Al/St_265/35;3.59804;100;HV2;3
HV2 Line 47;HV2 Bus 349;HV2 Bus 7;Al/St_265/35;9.36106;100;HV2;3
HV2 Line 48;HV2 Bus 257;HV2 Bus 322;Al/St_265/35;32.8667;100;HV2;3
HV2 Line 49;HV2 Bus 119;HV2 Bus 206;Al/St_265/35;0.897957;100;HV2;3
HV2 Line 50;HV2 Bus 155;HV2 Bus 161;Al/St_265/35;4.15763;100;HV2;3
HV2 Line 51;HV2 Bus 102;HV2 Bus 349;Al/St_265/35;15.4118;100;HV2;3
HV2 Line 52;HV2 Bus 347;HV2 Bus 357;Al/St_265/35;12.4329;100;HV2;3
HV2 Line 53;HV2 Bus 108;HV2 Bus 236;Al/St_265/35;3.42493;100;HV2;3
HV2 Line 54;HV2 Bus 49;HV2 Bus 108;Al/St_265/35;13.7853;100;HV2;3
HV2 Line 55;HV2 Bus 49;HV2 Bus 278;Al/St_265/35;12.2485;100;HV2;3
HV2 Line 56;HV2 Bus 86;HV2 Bus 278;Al/St_265/35;20.0389;100;HV2;3
HV2 Line 57;HV2 Bus 141;HV2 Bus 280;1x630_RM/50;4.88918;100;HV2;3
HV2 Line 58;HV2 Bus 141;HV2 Bus 280;1x630_RM/50;4.89725;100;HV2;3
HV2 Line 59;HV2 Bus 226;HV2 Bus 322;Al/St_265/35;41.674;100;HV2;3
HV2 Line 60;HV2 Bus 260;HV2 Bus 313;1x630_RM/50;0.579571;100;HV2;3
HV2 Line 61;HV2 Bus 53;HV2 Bus 59;1x630_RM/50;1.31588;100;HV2;3
HV2 Line 62;HV2 Bus 361;HV2 Bus 125;1x630_RM/50;4.8882;100;HV2;3
HV2 Line 63;HV2 Bus 130;HV2 Bus 216;1x630_RM/50;1.09646;100;HV2;3
HV2 Line 64;HV2 Bus 125;HV2 Bus 149;1x630_RM/50;1.36163;100;HV2;3
HV2 Line 65;HV2 Bus 137;HV2 Bus 141;1x630_RM/50;2.51959;100;HV2;3
HV2 Line 66;HV2 Bus 65;HV2 Bus 155;1x630_RM/50;2.77345;100;HV2;3
HV2 Line 67;HV2 Bus 141;HV2 Bus 161;1x630_RM/50;0.738438;100;HV2;3
HV2 Line 68;HV2 Bus 246;HV2 Bus 7;1x630_RM/50;6.54289;100;HV2;3
HV2 Line 69;HV2 Bus 246;HV2 Bus 290;1x630_RM/50;3.95618;100;HV2;3
HV2 Line 70;HV2 Bus 78;HV2 Bus 83;Al/St_265/35;8.93748;100;HV2;3
HV2 Line 71;HV2 Bus 246;HV2 Bus 329;1x630_RM/50;2.48437;100;HV2;3
HV2 Line 72;HV2 Bus 246;HV2 Bus 163;1x630_RM/50;2.22888;100;HV2;3
HV2 Line 73;HV2 Bus 361;HV2 Bus 290;1x630_RM/50;4.37224;100;HV2;3
HV2 Line 74;HV2 Bus 137;HV2 Bus 304;1x630_RM/50;2.30839;100;HV2;3
HV2 Line 75;HV2 Bus 141;HV2 Bus 304;1x630_RM/50;4.26402;100;HV2;3
HV2 Line 76;HV2 Bus 304;HV2 Bus 329;1x630_RM/50;5.36771;100;HV2;3
HV2 Line 77;HV2 Bus 1;HV2 Bus 361;1x630_RM/50;2.59438;100;HV2;3
HV2 Line 78;HV2 Bus 1;HV2 Bus 306;1x630_RM/50;0.886993;100;HV2;3
HV2 Line 79;HV2 Bus 163;HV2 Bus 306;1x630_RM/50;1.67138;100;HV2;3
HV2 Line 80;HV2 Bus 1;HV2 Bus 310;1x630_RM/50;2.39375;100;HV2;3
HV2 Line 81;HV2 Bus 296;HV2 Bus 199;Al/St_265/35;11.7673;100;HV2;3
HV2 Line 82;HV2 Bus 125;HV2 Bus 168;1x630_RM/50;1.45349;100;HV2;3
HV2 Line 83;HV2 Bus 1;HV2 Bus 168;1x630_RM/50;2.74376;100;HV2;3
HV2 Line 84;HV2 Bus 286;HV2 Bus 329;1x630_RM/50;4.86611;100;HV2;3
HV2 Line 85;HV2 Bus 361;HV2 Bus 165;1x630_RM/50;4.78298;100;HV2;3
HV2 Line 86;HV2 Bus 361;HV2 Bus 216;1x630_RM/50;8.90567;100;HV2;3
HV2 Line 87;HV2 Bus 274;HV2 Bus 357;1x630_RM/50;2.3944;100;HV2;3
HV2 Line 88;HV2 Bus 7;HV2 Bus 290;1x630_RM/50;3.8609;100;HV2;3
HV2 Line 89;HV2 Bus 108;HV2 Bus 322;Al/St_265/35;6.25203;100;HV2;3
HV2 Line 90;HV2 Bus 23;HV2 Bus 175;Al/St_265/35;7.01764;100;HV2;3
HV2 Line 91;HV2 Bus 33;HV2 Bus 93;Al/St_265/35;30.555;100;HV2;3
HV2 Line 92;HV2 Bus 61;HV2 Bus 199;Al/St_265/35;11.685;100;HV2;3
HV2 Line 93;HV2 Bus 86;HV2 Bus 336;Al/St_265/35;28.5074;100;HV2;3
HV2 Line 94;HV2 Bus 296;HV2 Bus 78;Al/St_265/35;10.4995;100;HV2;3
HV2 Line 95;HV2 Bus 296;HV2 Bus 318;Al/St_265/35;0.553965;100;HV2;3
HV2 Line 96;HV2 Bus 296;HV2 Bus 313;Al/St_265/35;11.1666;100;HV2;3
HV2 Line 97;HV2 Bus 195;HV2 Bus 90;Al/St_265/35;7.12282;100;HV2;3
HV2 Line 98;HV2 Bus 122;HV2 Bus 286;1x630_RM/50;2.00411;100;HV2;3
HV2 Line 99;HV2 Bus 78;HV2 Bus 254;Al/St_265/35;7.3321;100;HV2;3
HV2 Line 100;HV2 Bus 33;HV2 Bus 221;Al/St_265/35;7.13388;100;HV2;3
HV2 Line 101;HV2 Bus 133;HV2 Bus 206;Al/St_265/35;5.92357;100;HV2;3
HV2 Line 102;HV2 Bus 43;HV2 Bus 108;Al/St_265/35;8.85411;100;HV2;3
HV2 Line 103;HV2 Bus 296;HV2 Bus 204;Al/St_265/35;5.73982;100;HV2;3
HV2 Line 104;HV2 Bus 98;HV2 Bus 274;Al/St_265/35;2.07374;100;HV2;3
HV2 Line 105;HV2 Bus 27;HV2 Bus 229;Al/St_265/35;6.1614;100;HV2;3
HV2 Line 106;HV2 Bus 108;HV2 Bus 339;Al/St_265/35;5.83961;100;HV2;3
HV2 Line 107;HV2 Bus 7;HV2 Bus 339;Al/St_265/35;2.75458;100;HV2;3
HV2 Line 108;HV2 Bus 204;HV2 Bus 280;Al/St_265/35;5.10642;100;HV2;3
HV2 Line 109;HV2 Bus 246;HV2 Bus 329;1x630_RM/50;2.48437;100;HV2;3
HV2 Line 110;HV2 Bus 304;HV2 Bus 329;1x630_RM/50;5.36771;100;HV2;3
HV2 Line 111;HV2 Bus 53;HV2 Bus 59;1x630_RM/50;1.31588;100;HV2;3
HV2 Line 112;HV2 Bus 7;HV2 Bus 339;Al/St_265/35;2.75458;100;HV2;3
HV2 Line 113;HV2 Bus 7;HV2 Bus 53;Al/St_265/35;1.04737;100;HV2;3
